Start date:,01/17/2025,Start time:,11:06:58.610
Sample interval:,0.300000
Reading #,Reading
1,+1.94645443E+00
2,+1.94679347E+00
3,+1.94691844E+00
4,+1.94644617E+00
5,+1.94670852E+00
6,+1.94707686E+00
7,+1.94721232E+00
8,+1.94732872E+00
9,+1.94715015E+00
10,+1.94748614E+00
11,+1.94760313E+00
12,+1.94770496E+00
13,+1.94745938E+00
14,+1.94770070E+00
15,+1.94785147E+00
16,+1.94796288E+00
17,+1.94772600E+00
18,+1.94811563E+00
19,+1.94823472E+00
20,+1.94833739E+00
21,+1.94808415E+00
22,+1.94845854E+00
23,+1.94784216E+00
24,+1.94848776E+00
25,+1.94824959E+00
26,+1.94866980E+00
27,+1.94878233E+00
28,+1.94887828E+00
29,+1.94855726E+00
30,+1.94899869E+00
31,+1.94910413E+00
32,+1.94919494E+00
33,+1.94844345E+00
34,+1.94916111E+00
35,+1.94929459E+00
36,+1.94939718E+00
37,+1.94908101E+00
38,+1.94952175E+00
39,+1.94961931E+00
40,+1.94970631E+00
41,+1.94938901E+00
42,+1.94930719E+00
43,+1.94970877E+00
44,+1.94986511E+00
45,+1.94958762E+00
46,+1.95000741E+00
47,+1.95011120E+00
48,+1.95019806E+00
49,+1.94991082E+00
50,+1.95030524E+00
51,+1.95039974E+00
52,+1.94972584E+00
53,+1.95004265E+00
54,+1.95046404E+00
55,+1.95057719E+00
56,+1.95067575E+00
57,+1.95040729E+00
58,+1.95078168E+00
59,+1.95087430E+00
60,+1.95095131E+00
61,+1.95070118E+00
62,+1.95086654E+00
63,+1.95105719E+00
64,+1.95116457E+00
65,+1.95092830E+00
66,+1.95126627E+00
67,+1.95136157E+00
68,+1.95144691E+00
69,+1.95121774E+00
70,+1.95153761E+00
71,+1.95098614E+00
72,+1.95152164E+00
73,+1.95135342E+00
74,+1.95169684E+00
75,+1.95179963E+00
76,+1.95189111E+00
77,+1.95168347E+00
78,+1.95198746E+00
79,+1.95207859E+00
80,+1.95215786E+00
81,+1.95130893E+00
82,+1.95210604E+00
83,+1.95223175E+00
84,+1.95232830E+00
85,+1.95214626E+00
86,+1.95243742E+00
87,+1.95252582E+00
88,+1.95261040E+00
89,+1.95243613E+00
90,+1.95249269E+00
91,+1.95257281E+00
92,+1.95273877E+00
93,+1.95259774E+00
94,+1.95286960E+00
95,+1.95296510E+00
96,+1.95304660E+00
97,+1.95289466E+00
98,+1.95314234E+00
99,+1.95323159E+00
100,+1.95261841E+00
101,+1.95299845E+00
102,+1.95328630E+00
103,+1.95339431E+00
104,+1.95348220E+00
105,+1.95335665E+00
106,+1.95358499E+00
107,+1.95367413E+00
108,+1.95375549E+00
109,+1.95362993E+00
110,+1.95338957E+00
111,+1.95380433E+00
112,+1.95391886E+00
113,+1.95382371E+00
114,+1.95402633E+00
115,+1.95411948E+00
116,+1.95420502E+00
117,+1.95410923E+00
118,+1.95429850E+00
119,+1.95396673E+00
120,+1.95426208E+00
121,+1.95424394E+00
122,+1.95445140E+00
123,+1.95455089E+00
124,+1.95463386E+00
125,+1.95455919E+00
126,+1.95473582E+00
127,+1.95482103E+00
128,+1.95489828E+00
129,+1.95409209E+00
130,+1.95483282E+00
131,+1.95496467E+00
132,+1.95506234E+00
133,+1.95501851E+00
134,+1.95517218E+00
135,+1.95526513E+00
136,+1.95534871E+00
137,+1.95530386E+00
138,+1.95544276E+00
139,+1.95523603E+00
140,+1.95547097E+00
141,+1.95546445E+00
142,+1.95560646E+00
143,+1.95570122E+00
144,+1.95578590E+00
145,+1.95576015E+00
146,+1.95588186E+00
147,+1.95596636E+00
148,+1.95543401E+00
149,+1.95583522E+00
150,+1.95601064E+00
151,+1.95612042E+00
152,+1.95621085E+00
153,+1.95620756E+00
154,+1.95631098E+00
155,+1.95639793E+00
156,+1.95647851E+00
157,+1.95648297E+00
158,+1.95587285E+00
159,+1.95650187E+00
160,+1.95661919E+00
161,+1.95665335E+00
162,+1.95674069E+00
163,+1.95683447E+00
164,+1.95691833E+00
165,+1.95693926E+00
166,+1.95701144E+00
167,+1.95695764E+00
168,+1.95694344E+00
169,+1.95706913E+00
170,+1.95716126E+00
171,+1.95716979E+00
172,+1.95567082E+00
173,+1.95526922E+00
174,+1.95503643E+00
175,+1.95480478E+00
176,+1.95462219E+00
177,+1.95446822E+00
178,+1.95433200E+00
179,+1.95464906E+00
180,+1.95467212E+00
181,+1.95463636E+00
182,+1.95571671E+00
183,+1.95611045E+00
184,+1.95636293E+00
185,+1.95645391E+00
186,+1.95666836E+00
187,+1.95684820E+00
188,+1.95635538E+00
189,+1.95688174E+00
190,+1.95707960E+00
191,+1.95723041E+00
192,+1.95736146E+00
193,+1.95738693E+00
194,+1.95751802E+00
195,+1.95763471E+00
196,+1.95774024E+00
197,+1.95762703E+00
198,+1.95762382E+00
199,+1.95770467E+00
200,+1.95777287E+00
201,+1.95777257E+00
202,+1.95798889E+00
203,+1.95814676E+00
204,+1.95826756E+00
205,+1.95830935E+00
206,+1.95839510E+00
207,+1.95780605E+00
208,+1.95842462E+00
209,+1.95851336E+00
210,+1.95860795E+00
211,+1.95871574E+00
212,+1.95881322E+00
213,+1.95885999E+00
214,+1.95893352E+00
215,+1.95902697E+00
216,+1.95911810E+00
217,+1.95869838E+00
218,+1.95908395E+00
219,+1.95920805E+00
220,+1.95930840E+00
221,+1.95937814E+00
222,+1.95943151E+00
223,+1.95952314E+00
224,+1.95960989E+00
225,+1.95967694E+00
226,+1.95929039E+00
227,+1.95960139E+00
228,+1.95975782E+00
229,+1.95985432E+00
230,+1.95989581E+00
231,+1.95999239E+00
232,+1.96008047E+00
233,+1.96016155E+00
234,+1.96019083E+00
235,+1.96027002E+00
236,+1.95961720E+00
237,+1.96026693E+00
238,+1.96033963E+00
239,+1.96044029E+00
240,+1.96053204E+00
241,+1.96061939E+00
242,+1.96064671E+00
243,+1.96073038E+00
244,+1.96081160E+00
245,+1.96088837E+00
246,+1.96058673E+00
247,+1.96064171E+00
248,+1.96067331E+00
249,+1.96070730E+00
250,+1.96088359E+00
251,+1.96104470E+00
252,+1.96115664E+00
253,+1.96125386E+00
254,+1.96128001E+00
255,+1.96075963E+00
256,+1.96127133E+00
257,+1.96141495E+00
258,+1.96146335E+00
259,+1.96155263E+00
260,+1.96164019E+00
261,+1.96172604E+00
262,+1.96176804E+00
263,+1.96183739E+00
264,+1.96191886E+00
265,+1.96130381E+00
266,+1.96188382E+00
267,+1.96198684E+00
268,+1.96208707E+00
269,+1.96217336E+00
270,+1.96223056E+00
271,+1.96228568E+00
272,+1.96236776E+00
273,+1.96244773E+00
274,+1.96237387E+00
275,+1.96231949E+00
276,+1.96250052E+00
277,+1.96260183E+00
278,+1.96270112E+00
279,+1.96272417E+00
280,+1.96281126E+00
281,+1.96288937E+00
282,+1.96301279E+00
283,+1.96299140E+00
284,+1.96240245E+00
285,+1.96297411E+00
286,+1.96319086E+00
287,+1.96314712E+00
288,+1.96324025E+00
289,+1.96332167E+00
290,+1.96349918E+00
291,+1.96342838E+00
292,+1.96350989E+00
293,+1.96358531E+00
294,+1.96331325E+00
295,+1.96353847E+00
296,+1.96361668E+00
297,+1.96368809E+00
298,+1.96381620E+00
299,+1.96384873E+00
300,+1.96394060E+00
301,+1.96402337E+00
302,+1.96415864E+00
303,+1.96378979E+00
304,+1.96399748E+00
305,+1.96415357E+00
306,+1.96429529E+00
307,+1.96428588E+00
308,+1.96437631E+00
309,+1.96445455E+00
310,+1.96457688E+00
311,+1.96455850E+00
312,+1.96463642E+00
313,+1.96399598E+00
314,+1.96465833E+00
315,+1.96469515E+00
316,+1.96479300E+00
317,+1.96487765E+00
318,+1.96498711E+00
319,+1.96498677E+00
320,+1.96507095E+00
321,+1.96514842E+00
322,+1.96523233E+00
323,+1.96487797E+00
324,+1.96518344E+00
325,+1.96529152E+00
326,+1.96538147E+00
327,+1.96541391E+00
328,+1.96549970E+00
329,+1.96557758E+00
330,+1.96564106E+00
331,+1.96567904E+00
332,+1.96521094E+00
333,+1.96564111E+00
334,+1.96576195E+00
335,+1.96583102E+00
336,+1.96592337E+00
337,+1.96600268E+00
338,+1.96604945E+00
339,+1.96610690E+00
340,+1.96618600E+00
341,+1.96626444E+00
342,+1.96578203E+00
343,+1.96626103E+00
344,+1.96637002E+00
345,+1.96645703E+00
346,+1.96643948E+00
347,+1.96655527E+00
348,+1.96663911E+00
349,+1.96671880E+00
350,+1.96671656E+00
351,+1.96674088E+00
352,+1.96664577E+00
353,+1.96683079E+00
354,+1.96686003E+00
355,+1.96697093E+00
356,+1.96705768E+00
357,+1.96713532E+00
358,+1.96712989E+00
359,+1.96723720E+00
360,+1.96731671E+00
361,+1.96674730E+00
362,+1.96719656E+00
363,+1.96737049E+00
364,+1.96746823E+00
365,+1.96755335E+00
366,+1.96752737E+00
367,+1.96766367E+00
368,+1.96774398E+00
369,+1.96782007E+00
370,+1.96777766E+00
371,+1.96731740E+00
372,+1.96785051E+00
373,+1.96795987E+00
374,+1.96792136E+00
375,+1.96664177E+00
376,+1.96615272E+00
377,+1.96586080E+00
378,+1.96569580E+00
379,+1.96546857E+00
380,+1.96530509E+00
381,+1.96516602E+00
382,+1.96616483E+00
383,+1.96682146E+00
384,+1.96710147E+00
385,+1.96730568E+00
386,+1.96739126E+00
387,+1.96761724E+00
388,+1.96777257E+00
389,+1.96790877E+00
390,+1.96795467E+00
391,+1.96742230E+00
392,+1.96803544E+00
393,+1.96819685E+00
394,+1.96823107E+00
395,+1.96837798E+00
396,+1.96848259E+00
397,+1.96858480E+00
398,+1.96859689E+00
399,+1.96872469E+00
400,+1.96882080E+00
401,+1.96836504E+00
402,+1.96875670E+00
403,+1.96892335E+00
404,+1.96903399E+00
405,+1.96912538E+00
406,+1.96910954E+00
407,+1.96925554E+00
408,+1.96934556E+00
409,+1.96943026E+00
410,+1.96907161E+00
411,+1.96933633E+00
412,+1.96950542E+00
413,+1.96961245E+00
414,+1.96958230E+00
415,+1.96974313E+00
416,+1.96983702E+00
417,+1.96992262E+00
418,+1.96987152E+00
419,+1.97003650E+00
420,+1.96940596E+00
421,+1.97003366E+00
422,+1.97001458E+00
423,+1.97020504E+00
424,+1.97030129E+00
425,+1.97038546E+00
426,+1.97031174E+00
427,+1.97049360E+00
428,+1.97058014E+00
429,+1.97065808E+00
430,+1.97037717E+00
431,+1.97067792E+00
432,+1.97078158E+00
433,+1.97086992E+00
434,+1.97072979E+00
435,+1.97097117E+00
436,+1.97106060E+00
437,+1.97113776E+00
438,+1.97102003E+00
439,+1.97069084E+00
440,+1.97112518E+00
441,+1.97126415E+00
442,+1.97117868E+00
443,+1.97140101E+00
444,+1.97148774E+00
445,+1.97156686E+00
446,+1.97145339E+00
447,+1.97166784E+00
448,+1.97175201E+00
449,+1.97109380E+00
450,+1.97154210E+00
451,+1.97181455E+00
452,+1.97190990E+00
453,+1.97199772E+00
454,+1.97186423E+00
455,+1.97210359E+00
456,+1.97218521E+00
457,+1.97226231E+00
458,+1.97204627E+00
459,+1.97211491E+00
460,+1.97230810E+00
461,+1.97240782E+00
462,+1.97226695E+00
463,+1.97252984E+00
464,+1.97261653E+00
465,+1.97269322E+00
466,+1.97252756E+00
467,+1.97279163E+00
468,+1.97223133E+00
469,+1.97277164E+00
470,+1.97265488E+00
471,+1.97294569E+00
472,+1.97303950E+00
473,+1.97312122E+00
474,+1.97294585E+00
475,+1.97322292E+00
476,+1.97330663E+00
477,+1.97338208E+00
478,+1.97294874E+00
479,+1.97328468E+00
480,+1.97334877E+00
481,+1.97340509E+00
482,+1.97320716E+00
483,+1.97360129E+00
484,+1.97370486E+00
485,+1.97379210E+00
486,+1.97356955E+00
487,+1.97363493E+00
488,+1.97375575E+00
489,+1.97392266E+00
490,+1.97372492E+00
491,+1.97405199E+00
492,+1.97414282E+00
493,+1.97422298E+00
494,+1.97401146E+00
495,+1.97432561E+00
496,+1.97440393E+00
497,+1.97378936E+00
498,+1.97409803E+00
499,+1.97446393E+00
500,+1.97456939E+00
501,+1.97465671E+00
502,+1.97444661E+00
503,+1.97476341E+00
504,+1.97484813E+00
505,+1.97492925E+00
506,+1.97471131E+00
507,+1.97458899E+00
508,+1.97496540E+00
509,+1.97507095E+00
510,+1.97486977E+00
511,+1.97518882E+00
512,+1.97527216E+00
513,+1.97534875E+00
514,+1.97513813E+00
515,+1.97544867E+00
516,+1.97507226E+00
517,+1.97540918E+00
518,+1.97526632E+00
519,+1.97559981E+00
520,+1.97569192E+00
521,+1.97577548E+00
522,+1.97556585E+00
523,+1.97587270E+00
524,+1.97595564E+00
525,+1.97603078E+00
526,+1.97549565E+00
527,+1.97579947E+00
528,+1.97583067E+00
529,+1.97585993E+00
530,+1.97567062E+00
531,+1.97615102E+00
532,+1.97627197E+00
533,+1.97636936E+00
534,+1.97614921E+00
535,+1.97646937E+00
536,+1.97630882E+00
537,+1.97651875E+00
538,+1.97632842E+00
539,+1.97665989E+00
540,+1.97675323E+00
541,+1.97683622E+00
542,+1.97663002E+00
543,+1.97693529E+00
544,+1.97702040E+00
545,+1.97648222E+00
546,+1.97670812E+00
547,+1.97707321E+00
548,+1.97717996E+00
549,+1.97726247E+00
550,+1.97706462E+00
551,+1.97737359E+00
552,+1.97745909E+00
553,+1.97753570E+00
554,+1.97732880E+00
555,+1.97697099E+00
556,+1.97756309E+00
557,+1.97767700E+00
558,+1.97748869E+00
559,+1.97779999E+00
560,+1.97788864E+00
561,+1.97797091E+00
562,+1.97776197E+00
563,+1.97806874E+00
564,+1.97797901E+00
565,+1.97800328E+00
566,+1.97788803E+00
567,+1.97821563E+00
568,+1.97831010E+00
569,+1.97839323E+00
570,+1.97819418E+00
571,+1.97849867E+00
572,+1.97858037E+00
573,+1.97865693E+00
574,+1.97813657E+00
575,+1.97857444E+00
576,+1.97865721E+00
577,+1.97871779E+00
578,+1.97793367E+00
579,+1.97707411E+00
580,+1.97674771E+00
581,+1.97651020E+00
582,+1.97631768E+00
583,+1.97615574E+00
584,+1.97601284E+00
585,+1.97616141E+00
586,+1.97673750E+00
587,+1.97762942E+00
588,+1.97792403E+00
589,+1.97813899E+00
590,+1.97798220E+00
591,+1.97840874E+00
592,+1.97856271E+00
593,+1.97869378E+00
594,+1.97827262E+00
595,+1.97865366E+00
596,+1.97885933E+00
597,+1.97899200E+00
598,+1.97882382E+00
599,+1.97916330E+00
600,+1.97927191E+00
601,+1.97937115E+00
602,+1.83600009E+00
603,+1.18621708E+00
604,+1.55986813E+00
605,+1.62097940E+00
606,+1.67603619E+00
607,+1.71137064E+00
608,+1.73628606E+00
609,+1.75577873E+00
610,+1.77106469E+00
611,+1.78358992E+00
612,+1.79348447E+00
613,+1.80279658E+00
614,+1.81069821E+00
615,+1.81757757E+00
616,+1.82335957E+00
617,+1.82906541E+00
618,+1.83398469E+00
619,+1.83844353E+00
620,+1.84220456E+00
621,+1.84618998E+00
622,+1.84890049E+00
623,+1.85265889E+00
624,+1.85537089E+00
625,+1.85840428E+00
626,+1.86100777E+00
627,+1.86342819E+00
628,+1.86540359E+00
629,+1.86779377E+00
630,+1.86982925E+00
631,+1.87173510E+00
632,+1.87284599E+00
633,+1.87506675E+00
634,+1.87674200E+00
635,+1.87830670E+00
636,+1.87947813E+00
637,+1.88113892E+00
638,+1.88249265E+00
639,+1.88377458E+00
640,+1.88469949E+00
641,+1.88561690E+00
642,+1.88703522E+00
643,+1.88818546E+00
644,+1.88894011E+00
645,+1.89018035E+00
646,+1.89114323E+00
647,+1.89206048E+00
648,+1.89263770E+00
649,+1.89371966E+00
650,+1.89453344E+00
651,+1.89453624E+00
652,+1.89559858E+00
653,+1.89660249E+00
654,+1.89732045E+00
655,+1.89800001E+00
656,+1.89835205E+00
657,+1.89921369E+00
658,+1.89982017E+00
659,+1.90039525E+00
660,+1.90063655E+00
661,+1.90116291E+00
662,+1.90181460E+00
663,+1.90234953E+00
664,+1.90255092E+00
665,+1.90326256E+00
666,+1.90372155E+00
667,+1.90416246E+00
668,+1.90429368E+00
669,+1.90493950E+00
670,+1.90469235E+00
671,+1.90553503E+00
672,+1.90567433E+00
673,+1.90629351E+00
674,+1.90666074E+00
675,+1.90700759E+00
676,+1.90705216E+00
677,+1.90760804E+00
678,+1.90792486E+00
679,+1.90822392E+00
680,+1.90776569E+00
681,+1.90864203E+00
682,+1.90895605E+00
683,+1.90923883E+00
684,+1.90918590E+00
685,+1.90969436E+00
686,+1.90995377E+00
687,+1.91019944E+00
688,+1.91014414E+00
689,+1.91040802E+00
690,+1.91060898E+00
691,+1.91091819E+00
692,+1.91086116E+00
693,+1.91131745E+00
694,+1.91154280E+00
695,+1.91174237E+00
696,+1.91165318E+00
697,+1.91207062E+00
698,+1.91226225E+00
699,+1.91174165E+00
700,+1.91215954E+00
701,+1.91261679E+00
702,+1.91282196E+00
703,+1.91300095E+00
704,+1.91288411E+00
705,+1.91327457E+00
706,+1.91343877E+00
707,+1.91358872E+00
708,+1.91345478E+00
709,+1.91332684E+00
710,+1.91383465E+00
711,+1.91401538E+00
712,+1.91389086E+00
713,+1.91426601E+00
714,+1.91441785E+00
715,+1.91455884E+00
716,+1.91441000E+00
717,+1.91476831E+00
718,+1.91450441E+00
719,+1.91482637E+00
720,+1.91474573E+00
721,+1.91511637E+00
722,+1.91525710E+00
723,+1.91538910E+00
724,+1.91523067E+00
725,+1.91556625E+00
726,+1.91569459E+00
727,+1.91581812E+00
728,+1.91524533E+00
729,+1.91585879E+00
730,+1.91599708E+00
731,+1.91610807E+00
732,+1.91589636E+00
733,+1.91628998E+00
734,+1.91642000E+00
735,+1.91653745E+00
736,+1.91635444E+00
737,+1.91669378E+00
738,+1.91648118E+00
739,+1.91677037E+00
740,+1.91661477E+00
741,+1.91695202E+00
742,+1.91707365E+00
743,+1.91717970E+00
744,+1.91700480E+00
745,+1.91732462E+00
746,+1.91743155E+00
747,+1.91692318E+00
748,+1.91715888E+00
749,+1.91753892E+00
750,+1.91766827E+00
751,+1.91777482E+00
752,+1.91760007E+00
753,+1.91791807E+00
754,+1.91802010E+00
755,+1.91811001E+00
756,+1.91792819E+00
757,+1.91751978E+00
758,+1.91819300E+00
759,+1.91832359E+00
760,+1.91815965E+00
761,+1.91847789E+00
762,+1.91857783E+00
763,+1.91867096E+00
764,+1.91848694E+00
765,+1.91879404E+00
766,+1.91876885E+00
767,+1.91874162E+00
768,+1.91865423E+00
769,+1.91899031E+00
770,+1.91909793E+00
771,+1.91918768E+00
772,+1.91900491E+00
773,+1.91931364E+00
774,+1.91940716E+00
775,+1.91949533E+00
776,+1.91905120E+00
777,+1.91928954E+00
778,+1.91932878E+00
779,+1.91936872E+00
780,+1.91880107E+00
781,+1.91786582E+00
782,+1.91754684E+00
783,+1.91731525E+00
784,+1.91713064E+00
785,+1.91697606E+00
786,+1.91684031E+00
787,+1.91674904E+00
788,+1.91715081E+00
789,+1.91833407E+00
790,+1.91868643E+00
791,+1.91893701E+00
792,+1.91881738E+00
793,+1.91927037E+00
794,+1.91944560E+00
795,+1.91953746E+00
796,+1.91893037E+00
797,+1.91946400E+00
798,+1.91972379E+00
799,+1.91988305E+00
800,+1.91973997E+00
801,+1.92009271E+00
802,+1.92021586E+00
803,+1.92033233E+00
804,+1.92015883E+00
805,+1.92048996E+00
806,+1.91990639E+00
807,+1.92053214E+00
808,+1.92040514E+00
809,+1.92075371E+00
810,+1.92087403E+00
811,+1.92097693E+00
812,+1.92078206E+00
813,+1.92110452E+00
814,+1.92120424E+00
815,+1.92129428E+00
816,+1.92059847E+00
817,+1.92127272E+00
818,+1.92140670E+00
819,+1.92151349E+00
820,+1.92133417E+00
821,+1.92165108E+00
822,+1.92175235E+00
823,+1.92183865E+00
824,+1.92165071E+00
825,+1.92156822E+00
826,+1.92184809E+00
827,+1.92201547E+00
828,+1.92185074E+00
829,+1.92216668E+00
830,+1.92226701E+00
831,+1.92235885E+00
832,+1.92216920E+00
833,+1.92247286E+00
834,+1.92256599E+00
835,+1.92191313E+00
836,+1.92229592E+00
837,+1.92264513E+00
838,+1.92275876E+00
839,+1.92285215E+00
840,+1.92266798E+00
841,+1.92296864E+00
842,+1.92305838E+00
843,+1.92314461E+00
844,+1.92294943E+00
845,+1.92292668E+00
846,+1.92319743E+00
847,+1.92331544E+00
848,+1.92313780E+00
849,+1.92344357E+00
850,+1.92353992E+00
851,+1.92362274E+00
852,+1.92343078E+00
853,+1.92373138E+00
854,+1.92321757E+00
855,+1.92371617E+00
856,+1.92358898E+00
857,+1.92390983E+00
858,+1.92401551E+00
859,+1.92410753E+00
860,+1.92391583E+00
861,+1.92420773E+00
862,+1.92430085E+00
863,+1.92437750E+00
864,+1.92346870E+00
865,+1.92432639E+00
866,+1.92445818E+00
867,+1.92455253E+00
868,+1.92436788E+00
869,+1.92467052E+00
870,+1.92476061E+00
871,+1.92484118E+00
872,+1.92465122E+00
873,+1.92483152E+00
874,+1.92479706E+00
875,+1.92498045E+00
876,+1.92481806E+00
877,+1.92512444E+00
878,+1.92521992E+00
879,+1.92530526E+00
880,+1.92511489E+00
881,+1.92541377E+00
882,+1.92550174E+00
883,+1.92491027E+00
884,+1.92521283E+00
885,+1.92556218E+00
886,+1.92567045E+00
887,+1.92576064E+00
888,+1.92557388E+00
889,+1.92586963E+00
890,+1.92595751E+00
891,+1.92603818E+00
892,+1.92584241E+00
893,+1.92556311E+00
894,+1.92607524E+00
895,+1.92619185E+00
896,+1.92601559E+00
897,+1.92631656E+00
898,+1.92641302E+00
899,+1.92649623E+00
900,+1.92630303E+00
901,+1.92659619E+00
902,+1.92637773E+00
903,+1.92655527E+00
904,+1.92643766E+00
905,+1.92675604E+00
906,+1.92686132E+00
907,+1.92694491E+00
908,+1.92675290E+00
909,+1.92705102E+00
910,+1.92714110E+00
911,+1.92721602E+00
912,+1.92644391E+00
913,+1.92719723E+00
914,+1.92732756E+00
915,+1.92742904E+00
916,+1.92722240E+00
917,+1.92752584E+00
918,+1.92761575E+00
919,+1.92769977E+00
920,+1.92749806E+00
921,+1.92779755E+00
922,+1.92748727E+00
923,+1.92782414E+00
924,+1.92765098E+00
925,+1.92796662E+00
926,+1.92806550E+00
927,+1.92814723E+00
928,+1.92794048E+00
929,+1.92825006E+00
930,+1.92833921E+00
931,+1.92789388E+00
932,+1.92800054E+00
933,+1.92838458E+00
934,+1.92849566E+00
935,+1.92859175E+00
936,+1.92837020E+00
937,+1.92869423E+00
938,+1.92878460E+00
939,+1.92886672E+00
940,+1.92862503E+00
941,+1.92820155E+00
942,+1.92889415E+00
943,+1.92901780E+00
944,+1.92877228E+00
945,+1.92914062E+00
946,+1.92923691E+00
947,+1.92931920E+00
948,+1.92903264E+00
949,+1.92941831E+00
950,+1.92945950E+00
951,+1.92933019E+00
952,+1.92912542E+00
953,+1.92957288E+00
954,+1.92967418E+00
955,+1.92976360E+00
956,+1.92941579E+00
957,+1.92986162E+00
958,+1.92995457E+00
959,+1.93003295E+00
960,+1.92935146E+00
961,+1.93000065E+00
962,+1.93011005E+00
963,+1.93019905E+00
964,+1.92987498E+00
965,+1.93030472E+00
966,+1.93040442E+00
967,+1.93049164E+00
968,+1.93017018E+00
969,+1.93058274E+00
970,+1.93003652E+00
971,+1.93060163E+00
972,+1.93032868E+00
973,+1.93075323E+00
974,+1.93085027E+00
975,+1.93093575E+00
976,+1.93063887E+00
977,+1.93103562E+00
978,+1.93112440E+00
979,+1.93097564E+00
980,+1.93069256E+00
981,+1.93116505E+00
982,+1.93127983E+00
983,+1.93120441E+00
984,+1.92973792E+00
985,+1.92938536E+00
986,+1.92909801E+00
987,+1.92888121E+00
988,+1.92870017E+00
989,+1.92854741E+00
990,+1.92841445E+00
991,+1.92881160E+00
992,+1.92875449E+00
993,+1.92995742E+00
994,+1.93030264E+00
995,+1.93054084E+00
996,+1.93037564E+00
997,+1.93083822E+00
998,+1.93100943E+00
999,+1.93115402E+00
1000,+1.93033670E+00
1001,+1.93119281E+00
1002,+1.93136391E+00
1003,+1.93149696E+00
1004,+1.93120839E+00
1005,+1.93166590E+00
1006,+1.93178282E+00
1007,+1.93188918E+00
1008,+1.93156096E+00
1009,+1.93172248E+00
1010,+1.93192133E+00
1011,+1.93210098E+00
1012,+1.93180510E+00
1013,+1.93226833E+00
1014,+1.93237788E+00
1015,+1.93247512E+00
1016,+1.93215991E+00
1017,+1.93259777E+00
1018,+1.93269867E+00
1019,+1.93207252E+00
1020,+1.93231043E+00
1021,+1.93278234E+00
1022,+1.93290037E+00
1023,+1.93300098E+00
1024,+1.93270657E+00
1025,+1.93311791E+00
1026,+1.93321689E+00
1027,+1.93330308E+00
1028,+1.93301578E+00
1029,+1.93301723E+00
1030,+1.93336426E+00
1031,+1.93348036E+00
1032,+1.93322203E+00
1033,+1.93361271E+00
1034,+1.93370921E+00
1035,+1.93379773E+00
1036,+1.93352684E+00
1037,+1.93389984E+00
1038,+1.93347707E+00
1039,+1.93388430E+00
1040,+1.93369255E+00
1041,+1.93407670E+00
1042,+1.93417661E+00
1043,+1.93426726E+00
1044,+1.93401709E+00
1045,+1.93437079E+00
1046,+1.93446373E+00
1047,+1.93454569E+00
1048,+1.93354720E+00
1049,+1.93448735E+00
1050,+1.93462151E+00
1051,+1.93472797E+00
1052,+1.93451037E+00
1053,+1.93483069E+00
1054,+1.93492045E+00
1055,+1.93500573E+00
1056,+1.93478179E+00
1057,+1.93506235E+00
1058,+1.93494259E+00
1059,+1.93514151E+00
1060,+1.93495041E+00
1061,+1.93526643E+00
1062,+1.93536597E+00
1063,+1.93544790E+00
1064,+1.93524613E+00
1065,+1.93554257E+00
1066,+1.93563370E+00
1067,+1.93507332E+00
1068,+1.93533834E+00
1069,+1.93568073E+00
1070,+1.93579420E+00
1071,+1.93589266E+00
1072,+1.93571476E+00
1073,+1.93599295E+00
1074,+1.93608148E+00
1075,+1.93616182E+00
1076,+1.93599023E+00
1077,+1.93562297E+00
1078,+1.93619008E+00
1079,+1.93630979E+00
1080,+1.93616206E+00
1081,+1.93643214E+00
1082,+1.93652664E+00
1083,+1.93661222E+00
1084,+1.93646298E+00
1085,+1.93670608E+00
1086,+1.93657350E+00
1087,+1.93665499E+00
1088,+1.93660147E+00
1089,+1.93686630E+00
1090,+1.93696591E+00
1091,+1.93705356E+00
1092,+1.93692767E+00
1093,+1.93715009E+00
1094,+1.93723901E+00
1095,+1.93732022E+00
1096,+1.93649914E+00
1097,+1.93724234E+00
1098,+1.93738202E+00
1099,+1.93747922E+00
1100,+1.93737966E+00
1101,+1.93759167E+00
1102,+1.93768432E+00
1103,+1.93776542E+00
1104,+1.93766241E+00
1105,+1.93785750E+00
1106,+1.93747218E+00
1107,+1.93787813E+00
1108,+1.93781469E+00
1109,+1.93801918E+00
1110,+1.93811529E+00
1111,+1.93819887E+00
1112,+1.93811416E+00
1113,+1.93829452E+00
1114,+1.93838356E+00
1115,+1.93803219E+00
1116,+1.93818573E+00
1117,+1.93842681E+00
1118,+1.93853829E+00
1119,+1.93863090E+00
1120,+1.93857247E+00
1121,+1.93873328E+00
1122,+1.93882317E+00
1123,+1.93891044E+00
1124,+1.93885782E+00
1125,+1.93826461E+00
1126,+1.93893107E+00
1127,+1.93905611E+00
1128,+1.93902763E+00
1129,+1.93917906E+00
1130,+1.93926899E+00
1131,+1.93935124E+00
1132,+1.93931829E+00
1133,+1.93944633E+00
1134,+1.93953374E+00
1135,+1.93932923E+00
1136,+1.93944670E+00
1137,+1.93959635E+00
1138,+1.93969602E+00
1139,+1.93978602E+00
1140,+1.93977199E+00
1141,+1.93988578E+00
1142,+1.93997341E+00
1143,+1.94005516E+00
1144,+1.93948077E+00
1145,+1.93998035E+00
1146,+1.94012819E+00
1147,+1.94023115E+00
1148,+1.94024218E+00
1149,+1.94034462E+00
1150,+1.94043527E+00
1151,+1.94051989E+00
1152,+1.94052609E+00
1153,+1.94061519E+00
1154,+1.94000497E+00
1155,+1.94062192E+00
1156,+1.94067160E+00
1157,+1.94077396E+00
1158,+1.94086815E+00
1159,+1.94095749E+00
1160,+1.94098195E+00
1161,+1.94105191E+00
1162,+1.94113250E+00
1163,+1.94106511E+00
1164,+1.94101131E+00
1165,+1.94117016E+00
1166,+1.94127852E+00
1167,+1.94137572E+00
1168,+1.94142664E+00
1169,+1.94148063E+00
1170,+1.94156702E+00
1171,+1.94164929E+00
1172,+1.94169879E+00
1173,+1.94107109E+00
1174,+1.94165415E+00
1175,+1.94179043E+00
1176,+1.94186631E+00
1177,+1.94191913E+00
1178,+1.94200723E+00
1179,+1.94209153E+00
1180,+1.94216025E+00
1181,+1.94219419E+00
1182,+1.94227953E+00
1183,+1.94182061E+00
1184,+1.94228588E+00
1185,+1.94234470E+00
1186,+1.94244558E+00
1187,+1.94103975E+00
1188,+1.94056042E+00
1189,+1.94030831E+00
1190,+1.94005927E+00
1191,+1.93986951E+00
1192,+1.93970964E+00
1193,+1.93956831E+00
1194,+1.93982385E+00
1195,+1.93987604E+00
1196,+1.93985644E+00
1197,+1.94090196E+00
1198,+1.94130323E+00
1199,+1.94155910E+00
1200,+1.94169376E+00
1201,+1.94186335E+00
1202,+1.94204322E+00
1203,+1.94149736E+00
1204,+1.94209825E+00
1205,+1.94226928E+00
1206,+1.94242480E+00
1207,+1.94255611E+00
1208,+1.94262364E+00
1209,+1.94272651E+00
1210,+1.94284202E+00
1211,+1.94295012E+00
1212,+1.94300490E+00
1213,+1.94269523E+00
1214,+1.94308715E+00
1215,+1.94321217E+00
1216,+1.94328293E+00
1217,+1.94333610E+00
1218,+1.94345025E+00
1219,+1.94354940E+00
1220,+1.94361729E+00
1221,+1.94367355E+00
1222,+1.94334578E+00
1223,+1.94365558E+00
1224,+1.94380033E+00
1225,+1.94386862E+00
1226,+1.94397363E+00
1227,+1.94406821E+00
1228,+1.94414938E+00
1229,+1.94418818E+00
1230,+1.94427962E+00
1231,+1.94436720E+00
1232,+1.94371040E+00
1233,+1.94431721E+00
1234,+1.94444802E+00
1235,+1.94455385E+00
1236,+1.94464448E+00
1237,+1.94467595E+00
1238,+1.94476689E+00
1239,+1.94485255E+00
1240,+1.94493243E+00
1241,+1.94496160E+00
1242,+1.94475346E+00
1243,+1.94498697E+00
1244,+1.94509900E+00
1245,+1.94514051E+00
1246,+1.94522866E+00
1247,+1.94531335E+00
1248,+1.94539612E+00
1249,+1.94542547E+00
1250,+1.94550358E+00
1251,+1.94497894E+00
1252,+1.94547835E+00
1253,+1.94557405E+00
1254,+1.94567574E+00
1255,+1.94576974E+00
1256,+1.94585513E+00
1257,+1.94589487E+00
1258,+1.94597053E+00
1259,+1.94605422E+00
1260,+1.94613006E+00
1261,+1.94551320E+00
1262,+1.94610115E+00
1263,+1.94622114E+00
1264,+1.94631586E+00
1265,+1.94636650E+00
1266,+1.94642857E+00
1267,+1.94651384E+00
1268,+1.94659239E+00
1269,+1.94665370E+00
1270,+1.94655065E+00
1271,+1.94654077E+00
1272,+1.94671741E+00
1273,+1.94683491E+00
1274,+1.94686186E+00
1275,+1.94695027E+00
1276,+1.94703328E+00
1277,+1.94715698E+00
1278,+1.94713936E+00
1279,+1.94722209E+00
1280,+1.94662970E+00
1281,+1.94729409E+00
1282,+1.94728428E+00
1283,+1.94738491E+00
1284,+1.94747341E+00
1285,+1.94765908E+00
1286,+1.94758583E+00
1287,+1.94766772E+00
1288,+1.94774512E+00
1289,+1.94791112E+00
1290,+1.94730797E+00
1291,+1.94778214E+00
1292,+1.94789142E+00
1293,+1.94806290E+00
1294,+1.94801996E+00
1295,+1.94810691E+00
1296,+1.94818734E+00
1297,+1.94833546E+00
1298,+1.94829400E+00
1299,+1.94803501E+00
1300,+1.94824054E+00
1301,+1.94844743E+00
1302,+1.94844442E+00
1303,+1.94854269E+00
1304,+1.94862322E+00
1305,+1.94874785E+00
1306,+1.94873105E+00
1307,+1.94881500E+00
1308,+1.94889182E+00
1309,+1.94828162E+00
1310,+1.94882910E+00
1311,+1.94895597E+00
1312,+1.94905182E+00
1313,+1.94915813E+00
1314,+1.94916975E+00
1315,+1.94925300E+00
1316,+1.94932905E+00
1317,+1.94941387E+00
1318,+1.94943003E+00
1319,+1.94914964E+00
1320,+1.94944361E+00
1321,+1.94955255E+00
1322,+1.94958908E+00
1323,+1.94968077E+00
1324,+1.94976130E+00
1325,+1.94982793E+00
1326,+1.94986642E+00
1327,+1.94994489E+00
1328,+1.94947036E+00
1329,+1.94988391E+00
1330,+1.94999736E+00
1331,+1.95009986E+00
1332,+1.95018818E+00
1333,+1.95023713E+00
1334,+1.95029860E+00
1335,+1.95038020E+00
1336,+1.95045841E+00
1337,+1.95048752E+00
1338,+1.94981945E+00
1339,+1.95048521E+00
1340,+1.95060242E+00
1341,+1.95063947E+00
1342,+1.95072871E+00
1343,+1.95081859E+00
1344,+1.95090124E+00
1345,+1.95089588E+00
1346,+1.95099406E+00
1347,+1.95099439E+00
1348,+1.95089847E+00
1349,+1.95100392E+00
1350,+1.95113550E+00
1351,+1.95123179E+00
1352,+1.95131763E+00
1353,+1.95131286E+00
1354,+1.95142814E+00
1355,+1.95151141E+00
1356,+1.95158681E+00
1357,+1.95091287E+00
1358,+1.95150967E+00
1359,+1.95164622E+00
1360,+1.95174188E+00
1361,+1.95171991E+00
1362,+1.95185946E+00
1363,+1.95194316E+00
1364,+1.95201378E+00
1365,+1.95196653E+00
1366,+1.95210562E+00
1367,+1.95159556E+00
1368,+1.95213155E+00
1369,+1.95210771E+00
1370,+1.95228292E+00
1371,+1.95237203E+00
1372,+1.95244971E+00
1373,+1.95238865E+00
1374,+1.95256068E+00
1375,+1.95264221E+00
1376,+1.95245606E+00
1377,+1.95241967E+00
1378,+1.95268385E+00
1379,+1.95279044E+00
1380,+1.95287870E+00
1381,+1.95279716E+00
1382,+1.95298825E+00
1383,+1.95307403E+00
1384,+1.95315221E+00
1385,+1.95304668E+00
1386,+1.95254579E+00
1387,+1.95315284E+00
1388,+1.95327989E+00
1389,+1.95319526E+00
1390,+1.95246172E+00
1391,+1.95159834E+00
1392,+1.95127384E+00
1393,+1.95110918E+00
1394,+1.95086254E+00
1395,+1.95069457E+00
1396,+1.95055080E+00
1397,+1.95061584E+00
1398,+1.95076679E+00
1399,+1.95076284E+00
1400,+1.95074360E+00
1401,+1.95144865E+00
1402,+1.95211755E+00
1403,+1.95239924E+00
1404,+1.95260962E+00
1405,+1.95262676E+00
1406,+1.95257240E+00
1407,+1.95285496E+00
1408,+1.95307731E+00
1409,+1.95308612E+00
1410,+1.95330940E+00
1411,+1.95344076E+00
1412,+1.95355629E+00
1413,+1.95353091E+00
1414,+1.95372786E+00
1415,+1.95383372E+00
1416,+1.95321830E+00
1417,+1.95372099E+00
1418,+1.95396203E+00
1419,+1.95408437E+00
1420,+1.95418835E+00
1421,+1.95412440E+00
1422,+1.95433041E+00
1423,+1.95443070E+00
1424,+1.95452313E+00
1425,+1.95443950E+00
1426,+1.95427720E+00
1427,+1.95459659E+00
1428,+1.95471576E+00
1429,+1.95463603E+00
1430,+1.95485862E+00
1431,+1.95495579E+00
1432,+1.95504722E+00
1433,+1.95494642E+00
1434,+1.95516476E+00
1435,+1.95470889E+00
1436,+1.95514830E+00
1437,+1.95508553E+00
1438,+1.95534395E+00
1439,+1.95544548E+00
1440,+1.95553167E+00
1441,+1.95540547E+00
1442,+1.95564427E+00
1443,+1.95573526E+00
1444,+1.95582108E+00
1445,+1.95531904E+00
1446,+1.95572891E+00
1447,+1.95579880E+00
1448,+1.95586243E+00
1449,+1.95571634E+00
1450,+1.95606882E+00
1451,+1.95617674E+00
1452,+1.95626800E+00
1453,+1.95609020E+00
1454,+1.95630200E+00
1455,+1.95621252E+00
1456,+1.95640598E+00
1457,+1.95627513E+00
1458,+1.95655802E+00
1459,+1.95664939E+00
1460,+1.95673310E+00
1461,+1.95656422E+00
1462,+1.95684117E+00
1463,+1.95692301E+00
1464,+1.95636039E+00
1465,+1.95664676E+00
1466,+1.95698655E+00
1467,+1.95708656E+00
1468,+1.95717355E+00
1469,+1.95699334E+00
1470,+1.95728573E+00
1471,+1.95737018E+00
1472,+1.95744917E+00
1473,+1.95725123E+00
1474,+1.95694428E+00
1475,+1.95748420E+00
1476,+1.95759889E+00
1477,+1.95741165E+00
1478,+1.95772412E+00
1479,+1.95781266E+00
1480,+1.95789206E+00
1481,+1.95768483E+00
1482,+1.95799122E+00
1483,+1.95782685E+00
1484,+1.95793431E+00
1485,+1.95780400E+00
1486,+1.95814224E+00
1487,+1.95823900E+00
1488,+1.95832275E+00
1489,+1.95811474E+00
1490,+1.95843387E+00
1491,+1.95851727E+00
1492,+1.95859270E+00
1493,+1.95793864E+00
1494,+1.95856661E+00
1495,+1.95867480E+00
1496,+1.95876314E+00
1497,+1.95851481E+00
1498,+1.95887108E+00
1499,+1.95896064E+00
1500,+1.95904413E+00
1501,+1.95881959E+00
1502,+1.95914497E+00
1503,+1.95878752E+00
1504,+1.95916043E+00
1505,+1.95897761E+00
1506,+1.95930423E+00
1507,+1.95939329E+00
1508,+1.95947164E+00
1509,+1.95925919E+00
1510,+1.95957354E+00
1511,+1.95965703E+00
1512,+1.95928034E+00
1513,+1.95931053E+00
1514,+1.95969908E+00
1515,+1.95980204E+00
1516,+1.95988780E+00
1517,+1.95968488E+00
1518,+1.95999570E+00
1519,+1.96007862E+00
1520,+1.96015611E+00
1521,+1.95994388E+00
1522,+1.95951580E+00
1523,+1.96018137E+00
1524,+1.96031109E+00
1525,+1.96011667E+00
1526,+1.96042745E+00
1527,+1.96051162E+00
1528,+1.96058523E+00
1529,+1.96037777E+00
1530,+1.96068171E+00
1531,+1.96075211E+00
1532,+1.96057712E+00
1533,+1.96049493E+00
1534,+1.96083027E+00
1535,+1.96092553E+00
1536,+1.96100913E+00
1537,+1.96080488E+00
1538,+1.96110816E+00
1539,+1.96119021E+00
1540,+1.96126709E+00
1541,+1.96056172E+00
1542,+1.96122497E+00
1543,+1.96136076E+00
1544,+1.96145407E+00
1545,+1.96123381E+00
1546,+1.96155115E+00
1547,+1.96164265E+00
1548,+1.96172190E+00
1549,+1.96151406E+00
1550,+1.96181760E+00
1551,+1.96123740E+00
1552,+1.96182454E+00
1553,+1.96165394E+00
1554,+1.96197599E+00
1555,+1.96206868E+00
1556,+1.96214724E+00
1557,+1.96194468E+00
1558,+1.96224817E+00
1559,+1.96232717E+00
1560,+1.96223175E+00
1561,+1.96197597E+00
1562,+1.96236758E+00
1563,+1.96247933E+00
1564,+1.96257418E+00
1565,+1.96236386E+00
1566,+1.96267636E+00
1567,+1.96275550E+00
1568,+1.96282964E+00
1569,+1.96262891E+00
1570,+1.96225207E+00
1571,+1.96283917E+00
1572,+1.96297039E+00
1573,+1.96278778E+00
1574,+1.96309628E+00
1575,+1.96318164E+00
1576,+1.96325913E+00
1577,+1.96305836E+00
1578,+1.96335533E+00
1579,+1.96343818E+00
1580,+1.96300617E+00
1581,+1.96316567E+00
1582,+1.96349958E+00
1583,+1.96360191E+00
1584,+1.96368720E+00
1585,+1.96349113E+00
1586,+1.96379349E+00
1587,+1.96387923E+00
1588,+1.96395412E+00
1589,+1.96337501E+00
1590,+1.96384749E+00
1591,+1.96400440E+00
1592,+1.96410447E+00
1593,+1.96360347E+00
1594,+1.96248273E+00
1595,+1.96211974E+00
1596,+1.96186804E+00
1597,+1.96168955E+00
1598,+1.96150601E+00
1599,+1.96135863E+00
1600,+1.96135372E+00
1601,+1.96213932E+00
1602,+1.96297868E+00
1603,+1.96327048E+00
1604,+1.96348167E+00
1605,+1.96333760E+00
1606,+1.96374307E+00
1607,+1.96389715E+00
1608,+1.96402768E+00
1609,+1.96386774E+00
1610,+1.96376354E+00
1611,+1.96418491E+00
1612,+1.96432873E+00
1613,+1.96416557E+00
1614,+1.96450050E+00
1615,+1.96461199E+00
1616,+1.96471177E+00
1617,+1.96452798E+00
1618,+1.96484474E+00
1619,+1.96449404E+00
1620,+1.96483951E+00
1621,+1.96470695E+00
1622,+1.96504550E+00
1623,+1.96515112E+00
1624,+1.96524107E+00
1625,+1.96505808E+00
1626,+1.96536796E+00
1627,+1.96546026E+00
1628,+1.96554561E+00
1629,+1.96496954E+00
1630,+1.96551128E+00
1631,+1.96560302E+00
1632,+1.96568059E+00
1633,+1.96544811E+00
1634,+1.96582843E+00
1635,+1.96593935E+00
1636,+1.96603161E+00
1637,+1.96582410E+00
1638,+1.96612146E+00
1639,+1.96595258E+00
1640,+1.96616579E+00
1641,+1.96599885E+00
1642,+1.96631655E+00
1643,+1.96641762E+00
1644,+1.96650161E+00
1645,+1.96631026E+00
1646,+1.96661255E+00
1647,+1.96669890E+00
1648,+1.96616714E+00
1649,+1.96640139E+00
1650,+1.96675487E+00
1651,+1.96686255E+00
1652,+1.96695390E+00
1653,+1.96676314E+00
1654,+1.96706280E+00
1655,+1.96715310E+00
1656,+1.96722656E+00
1657,+1.96703441E+00
1658,+1.96666616E+00
1659,+1.96725819E+00
1660,+1.96737732E+00
1661,+1.96719856E+00
1662,+1.96750188E+00
1663,+1.96759075E+00
1664,+1.96766899E+00
1665,+1.96747997E+00
1666,+1.96777459E+00
1667,+1.96768574E+00
1668,+1.96770510E+00
1669,+1.96760480E+00
1670,+1.96792004E+00
1671,+1.96802768E+00
1672,+1.96810627E+00
1673,+1.96791444E+00
1674,+1.96821276E+00
1675,+1.96830030E+00
1676,+1.96838003E+00
1677,+1.96790942E+00
1678,+1.96810982E+00
1679,+1.96813475E+00
1680,+1.96815787E+00
1681,+1.96795454E+00
1682,+1.96845094E+00
1683,+1.96858060E+00
1684,+1.96868273E+00
1685,+1.96848083E+00
1686,+1.96879590E+00
1687,+1.96838307E+00
1688,+1.96883505E+00
1689,+1.96868151E+00
1690,+1.96898922E+00
1691,+1.96908644E+00
1692,+1.96917437E+00
1693,+1.96898237E+00
1694,+1.96927487E+00
1695,+1.96936093E+00
1696,+1.96907289E+00
1697,+1.96904548E+00
1698,+1.96941088E+00
1699,+1.96953055E+00
1700,+1.96961746E+00
1701,+1.96943224E+00
1702,+1.96972912E+00
1703,+1.96981760E+00
1704,+1.96988862E+00
1705,+1.96969682E+00
1706,+1.96926448E+00
1707,+1.96990455E+00
1708,+1.97002583E+00
1709,+1.96985103E+00
1710,+1.97014980E+00
1711,+1.97023540E+00
1712,+1.97031431E+00
1713,+1.97012143E+00
1714,+1.97040554E+00
1715,+1.97049190E+00
1716,+1.97024528E+00
1717,+1.97024626E+00
1718,+1.97056006E+00
1719,+1.97065810E+00
1720,+1.97074242E+00
1721,+1.97055471E+00
1722,+1.97084423E+00
1723,+1.97093414E+00
1724,+1.97101889E+00
1725,+1.97059354E+00
1726,+1.97086671E+00
1727,+1.97093238E+00
1728,+1.97098550E+00
1729,+1.97076068E+00
1730,+1.97117563E+00
1731,+1.97129112E+00
1732,+1.97138538E+00
1733,+1.97118993E+00
1734,+1.97148032E+00
1735,+1.97085766E+00
1736,+1.97149855E+00
1737,+1.97134829E+00
1738,+1.97165348E+00
1739,+1.97174770E+00
1740,+1.97183228E+00
1741,+1.97164443E+00
1742,+1.97192998E+00
1743,+1.97201129E+00
1744,+1.97199624E+00
1745,+1.97166597E+00
1746,+1.97205750E+00
1747,+1.97216648E+00
1748,+1.97225209E+00
1749,+1.97207079E+00
1750,+1.97235770E+00
1751,+1.97244591E+00
1752,+1.97252145E+00
1753,+1.97233066E+00
1754,+1.97196857E+00
1755,+1.97252682E+00
1756,+1.97265952E+00
1757,+1.97249019E+00
1758,+1.97278389E+00
1759,+1.97287534E+00
1760,+1.97295524E+00
1761,+1.97276322E+00
1762,+1.97304330E+00
1763,+1.97312880E+00
1764,+1.97263461E+00
1765,+1.97286877E+00
1766,+1.97319112E+00
1767,+1.97329236E+00
1768,+1.97337560E+00
1769,+1.97318969E+00
1770,+1.97347975E+00
1771,+1.97356301E+00
1772,+1.97363962E+00
1773,+1.97335521E+00
1774,+1.97358230E+00
1775,+1.97371528E+00
1776,+1.97380404E+00
1777,+1.97358185E+00
1778,+1.97390143E+00
1779,+1.97399754E+00
1780,+1.97408040E+00
1781,+1.97386706E+00
1782,+1.97416205E+00
1783,+1.97355239E+00
1784,+1.97416418E+00
1785,+1.97399887E+00
1786,+1.97431918E+00
1787,+1.97441241E+00
1788,+1.97449512E+00
1789,+1.97427680E+00
1790,+1.97459160E+00
1791,+1.97467821E+00
1792,+1.97474893E+00
1793,+1.97410379E+00
1794,+1.97469900E+00
1795,+1.97481702E+00
1796,+1.97490662E+00
1797,+1.97352925E+00
1798,+1.97306621E+00
1799,+1.97276629E+00
1800,+1.97254187E+00
1801,+1.97236108E+00
1802,+1.97220447E+00
1803,+1.97206539E+00
1804,+1.97243519E+00
1805,+1.97246476E+00
1806,+1.97357414E+00
1807,+1.97390159E+00
1808,+1.97412928E+00
1809,+1.97401605E+00
1810,+1.97441113E+00
1811,+1.97457624E+00
1812,+1.97471688E+00
1813,+1.97395084E+00
1814,+1.97476187E+00
1815,+1.97492559E+00
1816,+1.97505472E+00
1817,+1.97488896E+00
1818,+1.97521031E+00
1819,+1.97532212E+00
1820,+1.97542367E+00
1821,+1.97525020E+00
1822,+1.97555717E+00
1823,+1.97532647E+00
1824,+1.97561702E+00
1825,+1.97546233E+00
1826,+1.97578155E+00
1827,+1.97588869E+00
1828,+1.97598255E+00
1829,+1.97579501E+00
1830,+1.97609396E+00
1831,+1.97618761E+00
1832,+1.97570364E+00
1833,+1.97589380E+00
1834,+1.97625990E+00
1835,+1.97637617E+00
1836,+1.97647748E+00
1837,+1.97627334E+00
1838,+1.97659104E+00
1839,+1.97668740E+00
1840,+1.97676746E+00
1841,+1.97655216E+00
1842,+1.97615941E+00
1843,+1.97680614E+00
1844,+1.97692840E+00
1845,+1.97670614E+00
1846,+1.97704778E+00
1847,+1.97714646E+00
1848,+1.97723128E+00
1849,+1.97696923E+00
1850,+1.97734066E+00
1851,+1.97733609E+00
1852,+1.97727046E+00
1853,+1.97707060E+00
1854,+1.97749233E+00
1855,+1.97759170E+00
1856,+1.97767784E+00
1857,+1.97734784E+00
1858,+1.97777430E+00
1859,+1.97786236E+00
1860,+1.97794165E+00
1861,+1.97722262E+00
1862,+1.97793193E+00
1863,+1.97805340E+00
1864,+1.97814590E+00
1865,+1.97782795E+00
1866,+1.97823222E+00
1867,+1.97832472E+00
1868,+1.97840538E+00
1869,+1.97808754E+00
1870,+1.97850019E+00
1871,+1.97801357E+00
1872,+1.97851835E+00
1873,+1.97825498E+00
1874,+1.97866391E+00
1875,+1.97875630E+00
1876,+1.97883818E+00
1877,+1.97855494E+00
1878,+1.53393132E+00
1879,+1.56361544E+00
1880,+1.62314895E+00
1881,+1.67718376E+00
1882,+1.71202783E+00
1883,+1.73661426E+00
1884,+1.75593627E+00
1885,+1.77109178E+00
1886,+1.78351800E+00
1887,+1.79363305E+00
1888,+1.80242366E+00
1889,+1.81034318E+00
1890,+1.81723532E+00
1891,+1.82298730E+00
1892,+1.82866986E+00
1893,+1.83355718E+00
1894,+1.83799348E+00
1895,+1.84173145E+00
1896,+1.84570282E+00
1897,+1.84913186E+00
1898,+1.85154364E+00
1899,+1.85477316E+00
1900,+1.85781881E+00
1901,+1.86041354E+00
1902,+1.86283122E+00
1903,+1.86479497E+00
1904,+1.86717672E+00
1905,+1.86919501E+00
1906,+1.87109775E+00
1907,+1.87259201E+00
1908,+1.87419165E+00
1909,+1.87602838E+00
1910,+1.87760463E+00
1911,+1.87878329E+00
1912,+1.88043816E+00
1913,+1.88178202E+00
1914,+1.88305902E+00
1915,+1.88397700E+00
1916,+1.88538890E+00
1917,+1.88591043E+00
1918,+1.88738069E+00
1919,+1.88816954E+00
1920,+1.88941791E+00
1921,+1.89038018E+00
1922,+1.89128511E+00
1923,+1.89185756E+00
1924,+1.89293924E+00
1925,+1.89374448E+00
1926,+1.89451590E+00
1927,+1.89460549E+00
1928,+1.89564209E+00
1929,+1.89630284E+00
1930,+1.89693006E+00
1931,+1.89727690E+00
1932,+1.89827826E+00
1933,+1.89890967E+00
1934,+1.89949087E+00
1935,+1.89973763E+00
1936,+1.90043278E+00
1937,+1.90080288E+00
1938,+1.90140812E+00
1939,+1.90162738E+00
1940,+1.90234924E+00
1941,+1.90281258E+00
1942,+1.90325478E+00
1943,+1.90338434E+00
1944,+1.90403892E+00
1945,+1.90444318E+00
1946,+1.90415228E+00
1947,+1.90471811E+00
1948,+1.90536746E+00
1949,+1.90574176E+00
1950,+1.90608804E+00
1951,+1.90613087E+00
1952,+1.90668795E+00
1953,+1.90700189E+00
1954,+1.90730588E+00
1955,+1.90730152E+00
1956,+1.90721899E+00
1957,+1.90794618E+00
1958,+1.90824935E+00
1959,+1.90823599E+00
1960,+1.90873272E+00
1961,+1.90899123E+00
1962,+1.90923541E+00
1963,+1.90917937E+00
1964,+1.90964173E+00
1965,+1.90958243E+00
1966,+1.90986609E+00
1967,+1.90986795E+00
1968,+1.91033639E+00
1969,+1.91055958E+00
1970,+1.91076303E+00
1971,+1.91066859E+00
1972,+1.91108968E+00
1973,+1.91128612E+00
1974,+1.91146537E+00
1975,+1.91105100E+00
1976,+1.91138206E+00
1977,+1.91149546E+00
1978,+1.91161000E+00
1979,+1.91150790E+00
1980,+1.91209592E+00
1981,+1.91230717E+00
1982,+1.91248725E+00
1983,+1.91233819E+00
1984,+1.91274320E+00
1985,+1.91249079E+00
1986,+1.91292067E+00
1987,+1.91281217E+00
1988,+1.91320322E+00
1989,+1.91335747E+00
1990,+1.91350336E+00
1991,+1.91335419E+00
1992,+1.91371809E+00
1993,+1.91385420E+00
1994,+1.91348230E+00
1995,+1.91362720E+00
1996,+1.91405510E+00
1997,+1.91420851E+00
1998,+1.91391375E+00
1999,+1.91280168E+00
2000,+1.91236995E+00
2001,+1.91213424E+00
2002,+1.91195986E+00
2003,+1.91181959E+00
2004,+1.91170550E+00
2005,+1.91167806E+00
2006,+1.91207932E+00
2007,+1.91241370E+00
2008,+1.91340875E+00
2009,+1.91374254E+00
2010,+1.91399428E+00
2011,+1.91387755E+00
2012,+1.91433806E+00
2013,+1.91452843E+00
2014,+1.91469137E+00
2015,+1.91419076E+00
2016,+1.91478478E+00
2017,+1.91496773E+00
2018,+1.91511957E+00
2019,+1.91497197E+00
2020,+1.91533940E+00
2021,+1.91547866E+00
2022,+1.91559773E+00
2023,+1.91543026E+00
2024,+1.91519495E+00
2025,+1.91571494E+00
2026,+1.91589282E+00
2027,+1.91574145E+00
2028,+1.91609767E+00
2029,+1.91622235E+00
2030,+1.91633782E+00
2031,+1.91615693E+00
2032,+1.91649710E+00
2033,+1.91660713E+00
2034,+1.91596759E+00
2035,+1.91636953E+00
2036,+1.91674325E+00
2037,+1.91686751E+00
2038,+1.91697578E+00
2039,+1.91679470E+00
2040,+1.91712558E+00
2041,+1.91723054E+00
2042,+1.91732908E+00
2043,+1.91704517E+00
2044,+1.91721673E+00
2045,+1.91742709E+00
2046,+1.91755134E+00
2047,+1.91736981E+00
2048,+1.91770304E+00
2049,+1.91780820E+00
2050,+1.91790382E+00
2051,+1.91771058E+00
2052,+1.91803346E+00
2053,+1.91746220E+00
2054,+1.91803938E+00
2055,+1.91790163E+00
2056,+1.91824225E+00
2057,+1.91835444E+00
2058,+1.91845046E+00
2059,+1.91826127E+00
2060,+1.91858186E+00
2061,+1.91867609E+00
2062,+1.91876641E+00
2063,+1.91800159E+00
2064,+1.91873646E+00
2065,+1.91886844E+00
2066,+1.91897467E+00
2067,+1.91878162E+00
2068,+1.91909616E+00
2069,+1.91919399E+00
2070,+1.91889265E+00
2071,+1.91897495E+00
2072,+1.91903493E+00
2073,+1.91920524E+00
2074,+1.91938197E+00
2075,+1.91921383E+00
2076,+1.91954423E+00
2077,+1.91965178E+00
2078,+1.91974284E+00
2079,+1.91955010E+00
2080,+1.91986203E+00
2081,+1.91995749E+00
2082,+1.91932558E+00
2083,+1.91967675E+00
2084,+1.92003161E+00
2085,+1.92014716E+00
2086,+1.92024225E+00
2087,+1.92005214E+00
2088,+1.92036318E+00
2089,+1.92045616E+00
2090,+1.92054006E+00
2091,+1.92034162E+00
2092,+1.92021612E+00
2093,+1.92058677E+00
2094,+1.92070664E+00
2095,+1.92052505E+00
2096,+1.92083890E+00
2097,+1.92093657E+00
2098,+1.92101856E+00
2099,+1.92081956E+00
2100,+1.92112396E+00
2101,+1.92072088E+00
2102,+1.92110197E+00
2103,+1.92097360E+00
2104,+1.92130343E+00
2105,+1.92140342E+00
2106,+1.92149128E+00
2107,+1.92129813E+00
2108,+1.92160351E+00
2109,+1.92169098E+00
2110,+1.92177282E+00
2111,+1.92102783E+00
2112,+1.92176144E+00
2113,+1.92188016E+00
2114,+1.92197642E+00
2115,+1.92175122E+00
2116,+1.92207222E+00
2117,+1.92216783E+00
2118,+1.92225267E+00
2119,+1.92205436E+00
2120,+1.92232918E+00
2121,+1.92217782E+00
2122,+1.92238189E+00
2123,+1.92221521E+00
2124,+1.92253254E+00
2125,+1.92262871E+00
2126,+1.92271793E+00
2127,+1.92252299E+00
2128,+1.92282204E+00
2129,+1.92291201E+00
2130,+1.92235294E+00
2131,+1.92260809E+00
2132,+1.92296611E+00
2133,+1.92307184E+00
2134,+1.92316856E+00
2135,+1.92297980E+00
2136,+1.92328407E+00
2137,+1.92337642E+00
2138,+1.92345741E+00
2139,+1.92326101E+00
2140,+1.92290225E+00
2141,+1.92349735E+00
2142,+1.92361299E+00
2143,+1.92343753E+00
2144,+1.92374219E+00
2145,+1.92383745E+00
2146,+1.92392027E+00
2147,+1.92372624E+00
2148,+1.92402775E+00
2149,+1.92391209E+00
2150,+1.92396784E+00
2151,+1.92385623E+00
2152,+1.92417529E+00
2153,+1.92426977E+00
2154,+1.92435916E+00
2155,+1.92417290E+00
2156,+1.92446486E+00
2157,+1.92454496E+00
2158,+1.92462475E+00
2159,+1.92408469E+00
2160,+1.92458226E+00
2161,+1.92467731E+00
2162,+1.92475360E+00
2163,+1.92451678E+00
2164,+1.92488130E+00
2165,+1.92499133E+00
2166,+1.92508357E+00
2167,+1.92488371E+00
2168,+1.92518139E+00
2169,+1.92477644E+00
2170,+1.92520498E+00
2171,+1.92504532E+00
2172,+1.92535573E+00
2173,+1.92545386E+00
2174,+1.92553842E+00
2175,+1.92534822E+00
2176,+1.92563723E+00
2177,+1.92572681E+00
2178,+1.92540100E+00
2179,+1.92540829E+00
2180,+1.92577824E+00
2181,+1.92589071E+00
2182,+1.92598529E+00
2183,+1.92579790E+00
2184,+1.92609563E+00
2185,+1.92618545E+00
2186,+1.92627044E+00
2187,+1.92607970E+00
2188,+1.92562953E+00
2189,+1.92629468E+00
2190,+1.92642222E+00
2191,+1.92624434E+00
2192,+1.92654667E+00
2193,+1.92663691E+00
2194,+1.92672093E+00
2195,+1.92652651E+00
2196,+1.92681866E+00
2197,+1.92690349E+00
2198,+1.92667681E+00
2199,+1.92664792E+00
2200,+1.92697358E+00
2201,+1.92707512E+00
2202,+1.92555560E+00
2203,+1.92519893E+00
2204,+1.92486909E+00
2205,+1.92463913E+00
2206,+1.92445527E+00
2207,+1.92429942E+00
2208,+1.92416298E+00
2209,+1.92445859E+00
2210,+1.92449725E+00
2211,+1.92453628E+00
2212,+1.92569457E+00
2213,+1.92603076E+00
2214,+1.92626637E+00
2215,+1.92615367E+00
2216,+1.92656697E+00
2217,+1.92673644E+00
2218,+1.92612515E+00
2219,+1.92657463E+00
2220,+1.92695937E+00
2221,+1.92710567E+00
2222,+1.92723597E+00
2223,+1.92708439E+00
2224,+1.92740420E+00
2225,+1.92752417E+00
2226,+1.92762852E+00
2227,+1.92744066E+00
2228,+1.92751338E+00
2229,+1.92773986E+00
2230,+1.92786971E+00
2231,+1.92770841E+00
2232,+1.92802001E+00
2233,+1.92812887E+00
2234,+1.92822728E+00
2235,+1.92804718E+00
2236,+1.92835069E+00
2237,+1.92781722E+00
2238,+1.92836029E+00
2239,+1.92823625E+00
2240,+1.92855936E+00
2241,+1.92866565E+00
2242,+1.92875997E+00
2243,+1.92858029E+00
2244,+1.92887973E+00
2245,+1.92897532E+00
2246,+1.92906462E+00
2247,+1.92820938E+00
2248,+1.92900762E+00
2249,+1.92914484E+00
2250,+1.92924874E+00
2251,+1.92907130E+00
2252,+1.92937357E+00
2253,+1.92947063E+00
2254,+1.92955671E+00
2255,+1.92936223E+00
2256,+1.92946204E+00
2257,+1.92952269E+00
2258,+1.92970188E+00
2259,+1.92953342E+00
2260,+1.92984554E+00
2261,+1.92994294E+00
2262,+1.93002986E+00
2263,+1.92983514E+00
2264,+1.93013439E+00
2265,+1.93022263E+00
2266,+1.92961880E+00
2267,+1.92993254E+00
2268,+1.93028500E+00
2269,+1.93039479E+00
2270,+1.93049066E+00
2271,+1.93028984E+00
2272,+1.93060243E+00
2273,+1.93069621E+00
2274,+1.93077666E+00
2275,+1.93056232E+00
2276,+1.93038030E+00
2277,+1.93081818E+00
2278,+1.93093337E+00
2279,+1.93072421E+00
2280,+1.93105744E+00
2281,+1.93114839E+00
2282,+1.93123421E+00
2283,+1.93099381E+00
2284,+1.93133515E+00
2285,+1.93102398E+00
2286,+1.93129941E+00
2287,+1.93110155E+00
2288,+1.93149560E+00
2289,+1.93159842E+00
2290,+1.93168672E+00
2291,+1.93138016E+00
2292,+1.93179092E+00
2293,+1.93187867E+00
2294,+1.93195623E+00
2295,+1.93087864E+00
2296,+1.93189251E+00
2297,+1.93202682E+00
2298,+1.93212377E+00
2299,+1.93179263E+00
2300,+1.93223285E+00
2301,+1.93232650E+00
2302,+1.93240843E+00
2303,+1.93207794E+00
2304,+1.93250206E+00
2305,+1.93228029E+00
2306,+1.93253097E+00
2307,+1.93224410E+00
2308,+1.93268016E+00
2309,+1.93277602E+00
2310,+1.93286174E+00
2311,+1.93254926E+00
2312,+1.93295602E+00
2313,+1.93304369E+00
2314,+1.93252335E+00
2315,+1.93262973E+00
2316,+1.93309089E+00
2317,+1.93320108E+00
2318,+1.93329412E+00
2319,+1.93301212E+00
2320,+1.93339575E+00
2321,+1.93348643E+00
2322,+1.93356870E+00
2323,+1.93329116E+00
2324,+1.93295589E+00
2325,+1.93359624E+00
2326,+1.93371413E+00
2327,+1.93345969E+00
2328,+1.93383308E+00
2329,+1.93392936E+00
2330,+1.93401202E+00
2331,+1.93375056E+00
2332,+1.93410535E+00
2333,+1.93407156E+00
2334,+1.93403802E+00
2335,+1.93388722E+00
2336,+1.93426043E+00
2337,+1.93436311E+00
2338,+1.93444928E+00
2339,+1.93421345E+00
2340,+1.93455124E+00
2341,+1.93464461E+00
2342,+1.93472455E+00
2343,+1.93394517E+00
2344,+1.93467978E+00
2345,+1.93481534E+00
2346,+1.93491908E+00
2347,+1.93470748E+00
2348,+1.93502296E+00
2349,+1.93511600E+00
2350,+1.93519094E+00
2351,+1.93498079E+00
2352,+1.93528341E+00
2353,+1.93480789E+00
2354,+1.93530436E+00
2355,+1.93513536E+00
2356,+1.93545034E+00
2357,+1.93554766E+00
2358,+1.93563128E+00
2359,+1.93543885E+00
2360,+1.93573027E+00
2361,+1.93581628E+00
2362,+1.93558319E+00
2363,+1.93549676E+00
2364,+1.93586179E+00
2365,+1.93597345E+00
2366,+1.93607000E+00
2367,+1.93589894E+00
2368,+1.93617305E+00
2369,+1.93626382E+00
2370,+1.93634480E+00
2371,+1.93617949E+00
2372,+1.93572098E+00
2373,+1.93636146E+00
2374,+1.93648870E+00
2375,+1.93635249E+00
2376,+1.93660954E+00
2377,+1.93670474E+00
2378,+1.93679084E+00
2379,+1.93664556E+00
2380,+1.93688368E+00
2381,+1.93697040E+00
2382,+1.93666351E+00
2383,+1.93677248E+00
2384,+1.93703483E+00
2385,+1.93714014E+00
2386,+1.93722668E+00
2387,+1.93709951E+00
2388,+1.93732768E+00
2389,+1.93741448E+00
2390,+1.93749521E+00
2391,+1.93704195E+00
2392,+1.93745529E+00
2393,+1.93757912E+00
2394,+1.93766948E+00
2395,+1.93756111E+00
2396,+1.93776644E+00
2397,+1.93786999E+00
2398,+1.93795627E+00
2399,+1.93785968E+00
2400,+1.93804413E+00
2401,+1.93737963E+00
2402,+1.93804902E+00
2403,+1.93799901E+00
2404,+1.93820020E+00
2405,+1.93701590E+00
2406,+1.93640470E+00
2407,+1.93609571E+00
2408,+1.93588707E+00
2409,+1.93568615E+00
2410,+1.93552256E+00
2411,+1.93537726E+00
2412,+1.93552014E+00
2413,+1.93561917E+00
2414,+1.93561508E+00
2415,+1.93553433E+00
2416,+1.93670937E+00
2417,+1.93708795E+00
2418,+1.93733874E+00
2419,+1.93729403E+00
2420,+1.93764623E+00
2421,+1.93722812E+00
2422,+1.93778796E+00
2423,+1.93775426E+00
2424,+1.93806978E+00
2425,+1.93821599E+00
2426,+1.93834447E+00
2427,+1.93823391E+00
2428,+1.93850949E+00
2429,+1.93862733E+00
2430,+1.93873702E+00
2431,+1.93790460E+00
2432,+1.93872395E+00
2433,+1.93887403E+00
2434,+1.93898917E+00
2435,+1.93889654E+00
2436,+1.93913473E+00
2437,+1.93924424E+00
2438,+1.93933778E+00
2439,+1.93923616E+00
2440,+1.93934456E+00
2441,+1.93932564E+00
2442,+1.93951855E+00
2443,+1.93945445E+00
2444,+1.93967577E+00
2445,+1.93978611E+00
2446,+1.93988232E+00
2447,+1.93979435E+00
2448,+1.93999888E+00
2449,+1.94009375E+00
2450,+1.93951277E+00
2451,+1.93992020E+00
2452,+1.94016160E+00
2453,+1.94027873E+00
2454,+1.94037540E+00
2455,+1.94031369E+00
2456,+1.94049257E+00
2457,+1.94059051E+00
2458,+1.94067852E+00
2459,+1.94061178E+00
2460,+1.94022173E+00
2461,+1.94073056E+00
2462,+1.94085060E+00
2463,+1.94081005E+00
2464,+1.94096905E+00
2465,+1.94106740E+00
2466,+1.94115376E+00
2467,+1.94110649E+00
2468,+1.94125596E+00
2469,+1.94103464E+00
2470,+1.94121271E+00
2471,+1.94125337E+00
2472,+1.94141594E+00
2473,+1.94152182E+00
2474,+1.94161118E+00
2475,+1.94158736E+00
2476,+1.94171325E+00
2477,+1.94180490E+00
2478,+1.94188426E+00
2479,+1.94114891E+00
2480,+1.94181715E+00
2481,+1.94195044E+00
2482,+1.94205081E+00
2483,+1.94204528E+00
2484,+1.94216245E+00
2485,+1.94225551E+00
2486,+1.94233872E+00
2487,+1.94233892E+00
2488,+1.94243477E+00
2489,+1.94213252E+00
2490,+1.94246357E+00
2491,+1.94249864E+00
2492,+1.94260560E+00
2493,+1.94269882E+00
2494,+1.94279029E+00
2495,+1.94280345E+00
2496,+1.94288893E+00
2497,+1.94297490E+00
2498,+1.94253377E+00
2499,+1.94287722E+00
2500,+1.94302478E+00
2501,+1.94313251E+00
2502,+1.94322620E+00
2503,+1.94326314E+00
2504,+1.94333121E+00
2505,+1.94342031E+00
2506,+1.94350235E+00
2507,+1.94353948E+00
2508,+1.94284291E+00
2509,+1.94352053E+00
2510,+1.94364323E+00
2511,+1.94370570E+00
2512,+1.94376093E+00
2513,+1.94385681E+00
2514,+1.94393993E+00
2515,+1.94398950E+00
2516,+1.94403251E+00
2517,+1.94406527E+00
2518,+1.94394399E+00
2519,+1.94411581E+00
2520,+1.94418050E+00
2521,+1.94427864E+00
2522,+1.94436713E+00
2523,+1.94443448E+00
2524,+1.94446622E+00
2525,+1.94455333E+00
2526,+1.94463312E+00
2527,+1.94406751E+00
2528,+1.94454878E+00
2529,+1.94468668E+00
2530,+1.94478883E+00
2531,+1.94487398E+00
2532,+1.94490132E+00
2533,+1.94498976E+00
2534,+1.94506968E+00
2535,+1.94514336E+00
2536,+1.94516814E+00
2537,+1.94462418E+00
2538,+1.94517675E+00
2539,+1.94529063E+00
2540,+1.94532997E+00
2541,+1.94541946E+00
2542,+1.94550237E+00
2543,+1.94558312E+00
2544,+1.94560596E+00
2545,+1.94568329E+00
2546,+1.94553302E+00
2547,+1.94561855E+00
2548,+1.94573050E+00
2549,+1.94583127E+00
2550,+1.94593070E+00
2551,+1.94601122E+00
2552,+1.94604293E+00
2553,+1.94611757E+00
2554,+1.94619469E+00
2555,+1.94627511E+00
2556,+1.94561048E+00
2557,+1.94620737E+00
2558,+1.94633811E+00
2559,+1.94643651E+00
2560,+1.94648214E+00
2561,+1.94655561E+00
2562,+1.94664078E+00
2563,+1.94671826E+00
2564,+1.94675816E+00
2565,+1.94681853E+00
2566,+1.94643753E+00
2567,+1.94683027E+00
2568,+1.94691398E+00
2569,+1.94697946E+00
2570,+1.94706913E+00
2571,+1.94714862E+00
2572,+1.94721310E+00
2573,+1.94725444E+00
2574,+1.94733775E+00
2575,+1.94698255E+00
2576,+1.94730367E+00
2577,+1.94740330E+00
2578,+1.94750765E+00
2579,+1.94759345E+00
2580,+1.94769422E+00
2581,+1.94770622E+00
2582,+1.94779102E+00
2583,+1.94786857E+00
2584,+1.94799259E+00
2585,+1.94723005E+00
2586,+1.94788852E+00
2587,+1.94800895E+00
2588,+1.94818601E+00
2589,+1.94813687E+00
2590,+1.94822514E+00
2591,+1.94830291E+00
2592,+1.94848656E+00
2593,+1.94840822E+00
2594,+1.94848660E+00
2595,+1.94828477E+00
2596,+1.94857665E+00
2597,+1.94854636E+00
2598,+1.94863867E+00
2599,+1.94872529E+00
2600,+1.94888971E+00
2601,+1.94883077E+00
2602,+1.94891357E+00
2603,+1.94898877E+00
2604,+1.94853081E+00
2605,+1.94890491E+00
2606,+1.94904596E+00
2607,+1.94914040E+00
2608,+1.94871382E+00
2609,+1.94744531E+00
2610,+1.94710424E+00
2611,+1.94685862E+00
2612,+1.94669553E+00
2613,+1.94650049E+00
2614,+1.94635269E+00
2615,+1.94651114E+00
2616,+1.94769735E+00
2617,+1.94810617E+00
2618,+1.94836606E+00
2619,+1.94856722E+00
2620,+1.94869731E+00
2621,+1.94882792E+00
2622,+1.94897622E+00
2623,+1.94910296E+00
2624,+1.94917853E+00
2625,+1.94903572E+00
2626,+1.94926324E+00
2627,+1.94939799E+00
2628,+1.94953635E+00
2629,+1.94957343E+00
2630,+1.94968357E+00
2631,+1.94978375E+00
2632,+1.94993214E+00
2633,+1.94992404E+00
2634,+1.94938439E+00
2635,+1.94993125E+00
2636,+1.95016225E+00
2637,+1.95013799E+00
2638,+1.95024263E+00
2639,+1.95033992E+00
2640,+1.95053301E+00
2641,+1.95046335E+00
2642,+1.95055550E+00
2643,+1.95064188E+00
2644,+1.95029578E+00
2645,+1.95065300E+00
2646,+1.95076351E+00
2647,+1.95085679E+00
2648,+1.95099223E+00
2649,+1.95097563E+00
2650,+1.95106791E+00
2651,+1.95115325E+00
2652,+1.95129518E+00
2653,+1.95103605E+00
2654,+1.95112654E+00
2655,+1.95129761E+00
2656,+1.95146921E+00
2657,+1.95144896E+00
2658,+1.95153798E+00
2659,+1.95162327E+00
2660,+1.95176293E+00
2661,+1.95173715E+00
2662,+1.95181675E+00
2663,+1.95120707E+00
2664,+1.95183661E+00
2665,+1.95187046E+00
2666,+1.95197643E+00
2667,+1.95206405E+00
2668,+1.95218657E+00
2669,+1.95217828E+00
2670,+1.95226051E+00
2671,+1.95233959E+00
2672,+1.95244775E+00
2673,+1.95197993E+00
2674,+1.95238334E+00
2675,+1.95249111E+00
2676,+1.95260616E+00
2677,+1.95262331E+00
2678,+1.95270393E+00
2679,+1.95278589E+00
2680,+1.95287713E+00
2681,+1.95288955E+00
2682,+1.95254508E+00
2683,+1.95284655E+00
2684,+1.95299617E+00
2685,+1.95304516E+00
2686,+1.95313975E+00
2687,+1.95322378E+00
2688,+1.95329448E+00
2689,+1.95333214E+00
2690,+1.95341424E+00
2691,+1.95348831E+00
2692,+1.95290807E+00
2693,+1.95346110E+00
2694,+1.95358529E+00
2695,+1.95367899E+00
2696,+1.95372750E+00
2697,+1.95378725E+00
2698,+1.95387534E+00
2699,+1.95395106E+00
2700,+1.95399320E+00
2701,+1.95405450E+00
2702,+1.95385756E+00
2703,+1.95407223E+00
2704,+1.95411765E+00
2705,+1.95420684E+00
2706,+1.95429639E+00
2707,+1.95437870E+00
2708,+1.95440590E+00
2709,+1.95448364E+00
2710,+1.95456063E+00
2711,+1.95403131E+00
2712,+1.95446652E+00
2713,+1.95461114E+00
2714,+1.95471646E+00
2715,+1.95480580E+00
2716,+1.95481826E+00
2717,+1.95491650E+00
2718,+1.95499830E+00
2719,+1.95507492E+00
2720,+1.95507268E+00
2721,+1.95449332E+00
2722,+1.95510435E+00
2723,+1.95521778E+00
2724,+1.95522743E+00
2725,+1.95534434E+00
2726,+1.95542914E+00
2727,+1.95550589E+00
2728,+1.95549373E+00
2729,+1.95560630E+00
2730,+1.95554156E+00
2731,+1.95553451E+00
2732,+1.95560739E+00
2733,+1.95575808E+00
2734,+1.95585071E+00
2735,+1.95593488E+00
2736,+1.95590444E+00
2737,+1.95603932E+00
2738,+1.95612174E+00
2739,+1.95619762E+00
2740,+1.95548570E+00
2741,+1.95611966E+00
2742,+1.95625224E+00
2743,+1.95634659E+00
2744,+1.95630472E+00
2745,+1.95646352E+00
2746,+1.95654890E+00
2747,+1.95662515E+00
2748,+1.95656572E+00
2749,+1.95672650E+00
2750,+1.95627996E+00
2751,+1.95674071E+00
2752,+1.95670906E+00
2753,+1.95688511E+00
2754,+1.95697624E+00
2755,+1.95705510E+00
2756,+1.95698137E+00
2757,+1.95715702E+00
2758,+1.95724014E+00
2759,+1.95697187E+00
2760,+1.95702723E+00
2761,+1.95728445E+00
2762,+1.95739155E+00
2763,+1.95747726E+00
2764,+1.95739087E+00
2765,+1.95758733E+00
2766,+1.95767102E+00
2767,+1.95774673E+00
2768,+1.95764896E+00
2769,+1.95713165E+00
2770,+1.95776424E+00
2771,+1.95788525E+00
2772,+1.95779619E+00
2773,+1.95801204E+00
2774,+1.95809881E+00
2775,+1.95817469E+00
2776,+1.95806453E+00
2777,+1.95827391E+00
2778,+1.95835514E+00
2779,+1.95807684E+00
2780,+1.95816854E+00
2781,+1.95841936E+00
2782,+1.95851579E+00
2783,+1.95859876E+00
2784,+1.95847496E+00
2785,+1.95870503E+00
2786,+1.95878596E+00
2787,+1.95885957E+00
2788,+1.95816353E+00
2789,+1.95877016E+00
2790,+1.95891426E+00
2791,+1.95901566E+00
2792,+1.95887946E+00
2793,+1.95912991E+00
2794,+1.95921538E+00
2795,+1.95929518E+00
2796,+1.95914014E+00
2797,+1.95939017E+00
2798,+1.95874249E+00
2799,+1.95938798E+00
2800,+1.95926829E+00
2801,+1.95954507E+00
2802,+1.95963389E+00
2803,+1.95971766E+00
2804,+1.95955450E+00
2805,+1.95981945E+00
2806,+1.95989968E+00
2807,+1.95989611E+00
2808,+1.95955605E+00
2809,+1.95993537E+00
2810,+1.96004937E+00
2811,+1.96010675E+00
2812,+1.95877399E+00
2813,+1.95822871E+00
2814,+1.95794547E+00
2815,+1.95772825E+00
2816,+1.95754920E+00
2817,+1.95739407E+00
2818,+1.95725728E+00
2819,+1.95770228E+00
2820,+1.95829070E+00
2821,+1.95897252E+00
2822,+1.95924590E+00
2823,+1.95945022E+00
2824,+1.95941217E+00
2825,+1.95972993E+00
2826,+1.95988097E+00
2827,+1.96001090E+00
2828,+1.95954937E+00
2829,+1.95988451E+00
2830,+1.95996479E+00
2831,+1.96003697E+00
2832,+1.95999687E+00
2833,+1.96036930E+00
2834,+1.96050696E+00
2835,+1.96062152E+00
2836,+1.96051390E+00
2837,+1.96062104E+00
2838,+1.96063977E+00
2839,+1.96083532E+00
2840,+1.96075961E+00
2841,+1.96101022E+00
2842,+1.96111470E+00
2843,+1.96121022E+00
2844,+1.96109832E+00
2845,+1.96133944E+00
2846,+1.96143390E+00
2847,+1.96085651E+00
2848,+1.96122323E+00
2849,+1.96152022E+00
2850,+1.96163001E+00
2851,+1.96172751E+00
2852,+1.96159462E+00
2853,+1.96184858E+00
2854,+1.96193951E+00
2855,+1.96202389E+00
2856,+1.96187971E+00
2857,+1.96160321E+00
2858,+1.96207939E+00
2859,+1.96219757E+00
2860,+1.96205604E+00
2861,+1.96232779E+00
2862,+1.96241925E+00
2863,+1.96250376E+00
2864,+1.96234276E+00
2865,+1.96261412E+00
2866,+1.96236510E+00
2867,+1.96257675E+00
2868,+1.96248184E+00
2869,+1.96278278E+00
2870,+1.96287893E+00
2871,+1.96296266E+00
2872,+1.96279203E+00
2873,+1.96307541E+00
2874,+1.96316037E+00
2875,+1.96323994E+00
2876,+1.96262596E+00
2877,+1.96321055E+00
2878,+1.96331850E+00
2879,+1.96340151E+00
2880,+1.96317394E+00
2881,+1.96352137E+00
2882,+1.96361448E+00
2883,+1.96369645E+00
2884,+1.96348622E+00
2885,+1.96379088E+00
2886,+1.96351539E+00
2887,+1.96381492E+00
2888,+1.96364200E+00
2889,+1.96396113E+00
2890,+1.96405374E+00
2891,+1.96413658E+00
2892,+1.96392880E+00
2893,+1.96423999E+00
2894,+1.96432340E+00
2895,+1.96385558E+00
2896,+1.96399437E+00
2897,+1.96437533E+00
2898,+1.96447822E+00
2899,+1.96456552E+00
2900,+1.96435633E+00
2901,+1.96467399E+00
2902,+1.96475965E+00
2903,+1.96483460E+00
2904,+1.96462165E+00
2905,+1.96420713E+00
2906,+1.96486381E+00
2907,+1.96498074E+00
2908,+1.96478563E+00
2909,+1.96510913E+00
2910,+1.96519545E+00
2911,+1.96527229E+00
2912,+1.96506053E+00
2913,+1.96537025E+00
2914,+1.96538093E+00
2915,+1.96528980E+00
2916,+1.96518434E+00
2917,+1.96552331E+00
2918,+1.96561659E+00
2919,+1.96570206E+00
2920,+1.96549105E+00
2921,+1.96580579E+00
2922,+1.96589056E+00
2923,+1.96596670E+00
2924,+1.96522134E+00
2925,+1.96592010E+00
2926,+1.96604943E+00
2927,+1.96614495E+00
2928,+1.96591908E+00
2929,+1.96624400E+00
2930,+1.96633095E+00
2931,+1.96640545E+00
2932,+1.96619288E+00
2933,+1.96650113E+00
2934,+1.96598417E+00
2935,+1.96651101E+00
2936,+1.96633432E+00
2937,+1.96665582E+00
2938,+1.96674730E+00
2939,+1.96683090E+00
2940,+1.96662182E+00
2941,+1.96692847E+00
2942,+1.96701002E+00
2943,+1.96683001E+00
2944,+1.96666146E+00
2945,+1.96704985E+00
2946,+1.96715934E+00
2947,+1.96724858E+00
2948,+1.96704679E+00
2949,+1.96735454E+00
2950,+1.96744014E+00
2951,+1.96751587E+00
2952,+1.96730385E+00
2953,+1.96691711E+00
2954,+1.96752661E+00
2955,+1.96764915E+00
2956,+1.96745905E+00
2957,+1.96777698E+00
2958,+1.96786310E+00
2959,+1.96794362E+00
2960,+1.96773913E+00
2961,+1.96804371E+00
2962,+1.96812387E+00
2963,+1.96777054E+00
2964,+1.96785016E+00
2965,+1.96818696E+00
2966,+1.96828233E+00
2967,+1.96837004E+00
2968,+1.96816710E+00
2969,+1.96846871E+00
2970,+1.96855636E+00
2971,+1.96863109E+00
2972,+1.96795734E+00
2973,+1.96853030E+00
2974,+1.96867984E+00
2975,+1.96878330E+00
2976,+1.96858725E+00
2977,+1.96889601E+00
2978,+1.96897887E+00
2979,+1.96905286E+00
2980,+1.96885180E+00
2981,+1.96915138E+00
2982,+1.96849791E+00
2983,+1.96914986E+00
2984,+1.96898531E+00
2985,+1.96930799E+00
2986,+1.96939901E+00
2987,+1.96947841E+00
2988,+1.96927820E+00
2989,+1.96957932E+00
2990,+1.96965709E+00
2991,+1.96971998E+00
2992,+1.96927292E+00
2993,+1.96969329E+00
2994,+1.96980463E+00
2995,+1.96989230E+00
2996,+1.96969493E+00
2997,+1.96999602E+00
2998,+1.97008010E+00
2999,+1.97015618E+00
3000,+1.96995502E+00
3001,+1.96963738E+00
3002,+1.97015587E+00
3003,+1.97028761E+00
3004,+1.97010694E+00
3005,+1.97041835E+00
3006,+1.97050598E+00
3007,+1.97058506E+00
3008,+1.97038218E+00
3009,+1.97068256E+00
3010,+1.97076457E+00
3011,+1.97019061E+00
3012,+1.97048690E+00
3013,+1.97082109E+00
3014,+1.97092033E+00
3015,+1.96961955E+00
3016,+1.96921884E+00
3017,+1.96884401E+00
3018,+1.96861057E+00
3019,+1.96842312E+00
3020,+1.96826133E+00
3021,+1.96812265E+00
3022,+1.96838823E+00
3023,+1.96849902E+00
3024,+1.96877762E+00
3025,+1.96969838E+00
3026,+1.96998773E+00
3027,+1.97019783E+00
3028,+1.97005654E+00
3029,+1.97047911E+00
3030,+1.97063407E+00
3031,+1.97013131E+00
3032,+1.97042751E+00
3033,+1.97083170E+00
3034,+1.97097645E+00
3035,+1.97109810E+00
3036,+1.97092872E+00
3037,+1.97125913E+00
3038,+1.97136877E+00
3039,+1.97147090E+00
3040,+1.97128499E+00
3041,+1.97100822E+00
3042,+1.97155602E+00
3043,+1.97168424E+00
3044,+1.97151297E+00
3045,+1.97183482E+00
3046,+1.97193728E+00
3047,+1.97203292E+00
3048,+1.97184148E+00
3049,+1.97215371E+00
3050,+1.97199430E+00
3051,+1.97211458E+00
3052,+1.97200831E+00
3053,+1.97233982E+00
3054,+1.97244448E+00
3055,+1.97253315E+00
3056,+1.97234315E+00
3057,+1.97265253E+00
3058,+1.97274371E+00
3059,+1.97282646E+00
3060,+1.97234567E+00
3061,+1.97260479E+00
3062,+1.97264162E+00
3063,+1.97268190E+00
3064,+1.97249634E+00
3065,+1.97297273E+00
3066,+1.97309864E+00
3067,+1.97320208E+00
3068,+1.97298900E+00
3069,+1.97331749E+00
3070,+1.97297798E+00
3071,+1.97335639E+00
3072,+1.97319241E+00
3073,+1.97350771E+00
3074,+1.97360728E+00
3075,+1.97369599E+00
3076,+1.97350840E+00
3077,+1.97380670E+00
3078,+1.97389262E+00
3079,+1.97351821E+00
3080,+1.97358159E+00
3081,+1.97395197E+00
3082,+1.97406246E+00
3083,+1.97415976E+00
3084,+1.97396604E+00
3085,+1.97426790E+00
3086,+1.97435525E+00
3087,+1.97443351E+00
3088,+1.97423571E+00
3089,+1.97380154E+00
3090,+1.97446025E+00
3091,+1.97458577E+00
3092,+1.97440241E+00
3093,+1.97470553E+00
3094,+1.97479528E+00
3095,+1.97487884E+00
3096,+1.97468343E+00
3097,+1.97497922E+00
3098,+1.97505409E+00
3099,+1.97487858E+00
3100,+1.97480579E+00
3101,+1.97512980E+00
3102,+1.97522303E+00
3103,+1.97530985E+00
3104,+1.97511548E+00
3105,+1.97541543E+00
3106,+1.97549835E+00
3107,+1.97557930E+00
3108,+1.97505860E+00
3109,+1.97552565E+00
3110,+1.97562476E+00
3111,+1.97570149E+00
3112,+1.97547492E+00
3113,+1.97583032E+00
3114,+1.97592712E+00
3115,+1.97600903E+00
3116,+1.97580300E+00
3117,+1.97610318E+00
3118,+1.97553014E+00
3119,+1.97611225E+00
3120,+1.97595491E+00
3121,+1.97626251E+00
3122,+1.97635501E+00
3123,+1.97643280E+00
3124,+1.97624097E+00
3125,+1.97653269E+00
3126,+1.97661786E+00
3127,+1.97651935E+00
3128,+1.97626459E+00
3129,+1.97664575E+00
3130,+1.97675369E+00
3131,+1.97684540E+00
3132,+1.97666034E+00
3133,+1.97694800E+00
3134,+1.97703014E+00
3135,+1.97710663E+00
3136,+1.97691817E+00
3137,+1.97653502E+00
3138,+1.97711431E+00
3139,+1.97724211E+00
3140,+1.97706749E+00
3141,+1.97736084E+00
3142,+1.97745330E+00
3143,+1.97753283E+00
3144,+1.97734318E+00
3145,+1.97762511E+00
3146,+1.97770702E+00
3147,+1.97728695E+00
3148,+1.97744771E+00
3149,+1.97776623E+00
3150,+1.97786421E+00
3151,+1.97794905E+00
3152,+1.97776421E+00
3153,+1.97805278E+00
3154,+1.97813453E+00
3155,+1.97820982E+00
3156,+1.97778035E+00
3157,+1.97815772E+00
3158,+1.97830356E+00
3159,+1.97839919E+00
3160,+1.97819322E+00
3161,+1.97849403E+00
3162,+1.97858168E+00
3163,+1.97865817E+00
3164,+1.97846976E+00
3165,+1.97875356E+00
3166,+1.97812639E+00
3167,+1.97875286E+00
3168,+1.97860877E+00
3169,+1.97890938E+00
3170,+1.97900249E+00
3171,+1.97908570E+00
3172,+1.97889768E+00
3173,+1.97917941E+00
3174,+1.97925927E+00
3175,+1.97933481E+00
3176,+1.91768354E+00
3177,+1.37306851E+00
3178,+1.56098098E+00
3179,+1.62186842E+00
3180,+1.67672419E+00
3181,+1.71192767E+00
3182,+1.73674775E+00
3183,+1.75616284E+00
3184,+1.77075293E+00
3185,+1.78371061E+00
3186,+1.79390450E+00
3187,+1.80313184E+00
3188,+1.81091834E+00
3189,+1.81774547E+00
3190,+1.82349077E+00
3191,+1.82916337E+00
3192,+1.83405587E+00
3193,+1.83819492E+00
3194,+1.84201010E+00
3195,+1.84606459E+00
3196,+1.84952579E+00
3197,+1.85271220E+00
3198,+1.85536165E+00
3199,+1.85835831E+00
3200,+1.86093233E+00
3201,+1.86334018E+00
3202,+1.86529926E+00
3203,+1.86693853E+00
3204,+1.86951549E+00
3205,+1.87146245E+00
3206,+1.87298180E+00
3207,+1.87494112E+00
3208,+1.87657371E+00
3209,+1.87811566E+00
3210,+1.87928476E+00
3211,+1.88092364E+00
3212,+1.88226282E+00
3213,+1.88311127E+00
3214,+1.88430746E+00
3215,+1.88574281E+00
3216,+1.88687794E+00
3217,+1.88636128E+00
3218,+1.88697490E+00
3219,+1.88748079E+00
3220,+1.88810563E+00
3221,+1.88873891E+00
3222,+1.88936290E+00
3223,+1.88997364E+00
3224,+1.89105865E+00
3225,+1.89181928E+00
3226,+1.89287844E+00
3227,+1.89438777E+00
3228,+1.89528678E+00
3229,+1.89608335E+00
3230,+1.89648303E+00
3231,+1.89746697E+00
3232,+1.89814149E+00
3233,+1.89803135E+00
3234,+1.89889464E+00
3235,+1.89977135E+00
3236,+1.90035172E+00
3237,+1.90088935E+00
3238,+1.90110448E+00
3239,+1.90184229E+00
3240,+1.90231916E+00
3241,+1.90278311E+00
3242,+1.90292557E+00
3243,+1.90324168E+00
3244,+1.90386132E+00
3245,+1.90428861E+00
3246,+1.90438522E+00
3247,+1.90500850E+00
3248,+1.90537964E+00
3249,+1.90572860E+00
3250,+1.90576867E+00
3251,+1.90634250E+00
3252,+1.90607501E+00
3253,+1.90677827E+00
3254,+1.90683690E+00
3255,+1.90739690E+00
3256,+1.90769597E+00
3257,+1.90797403E+00
3258,+1.90794627E+00
3259,+1.90844339E+00
3260,+1.90870168E+00
3261,+1.90894563E+00
3262,+1.90855360E+00
3263,+1.90910071E+00
3264,+1.90929943E+00
3265,+1.90948881E+00
3266,+1.90941417E+00
3267,+1.91000387E+00
3268,+1.91024597E+00
3269,+1.91046665E+00
3270,+1.91035638E+00
3271,+1.91071121E+00
3272,+1.91076044E+00
3273,+1.91105283E+00
3274,+1.91097180E+00
3275,+1.91140642E+00
3276,+1.91159688E+00
3277,+1.91176858E+00
3278,+1.91163914E+00
3279,+1.91204658E+00
3280,+1.91221169E+00
3281,+1.91170425E+00
3282,+1.91204486E+00
3283,+1.91249366E+00
3284,+1.91267425E+00
3285,+1.91282715E+00
3286,+1.91268373E+00
3287,+1.91306952E+00
3288,+1.91322032E+00
3289,+1.91335787E+00
3290,+1.91319658E+00
3291,+1.91296816E+00
3292,+1.91355085E+00
3293,+1.91371374E+00
3294,+1.91356533E+00
3295,+1.91393363E+00
3296,+1.91406898E+00
3297,+1.91419899E+00
3298,+1.91402025E+00
3299,+1.91437484E+00
3300,+1.91421391E+00
3301,+1.91439582E+00
3302,+1.91430850E+00
3303,+1.91467762E+00
3304,+1.91480688E+00
3305,+1.91492233E+00
3306,+1.91474394E+00
3307,+1.91508979E+00
3308,+1.91520271E+00
3309,+1.91531031E+00
3310,+1.91483747E+00
3311,+1.91517709E+00
3312,+1.91525023E+00
3313,+1.91531499E+00
3314,+1.91513291E+00
3315,+1.91563499E+00
3316,+1.91578085E+00
3317,+1.91589913E+00
3318,+1.91570325E+00
3319,+1.91605528E+00
3320,+1.91574265E+00
3321,+1.91612232E+00
3322,+1.91596026E+00
3323,+1.91630739E+00
3324,+1.91642473E+00
3325,+1.91652588E+00
3326,+1.91633810E+00
3327,+1.91666670E+00
3328,+1.91676287E+00
3329,+1.91635640E+00
3330,+1.91646090E+00
3331,+1.91684939E+00
3332,+1.91696903E+00
3333,+1.91707626E+00
3334,+1.91689376E+00
3335,+1.91721838E+00
3336,+1.91732058E+00
3337,+1.91740901E+00
3338,+1.91721475E+00
3339,+1.91677205E+00
3340,+1.91746694E+00
3341,+1.91759916E+00
3342,+1.91742319E+00
3343,+1.91774961E+00
3344,+1.91785083E+00
3345,+1.91794211E+00
3346,+1.91774656E+00
3347,+1.91805971E+00
3348,+1.91812409E+00
3349,+1.91798177E+00
3350,+1.91790859E+00
3351,+1.91824713E+00
3352,+1.91835400E+00
3353,+1.91844674E+00
3354,+1.91825924E+00
3355,+1.91857596E+00
3356,+1.91867044E+00
3357,+1.91875634E+00
3358,+1.91821201E+00
3359,+1.91874079E+00
3360,+1.91886409E+00
3361,+1.91895535E+00
3362,+1.91872239E+00
3363,+1.91908152E+00
3364,+1.91918760E+00
3365,+1.91927737E+00
3366,+1.91906886E+00
3367,+1.91938221E+00
3368,+1.91881482E+00
3369,+1.91940344E+00
3370,+1.91899094E+00
3371,+1.91946454E+00
3372,+1.91961171E+00
3373,+1.91971084E+00
3374,+1.91952230E+00
3375,+1.91983747E+00
3376,+1.91993360E+00
3377,+1.91981072E+00
3378,+1.91958822E+00
3379,+1.91998995E+00
3380,+1.92010846E+00
3381,+1.92020272E+00
3382,+1.92000750E+00
3383,+1.92031772E+00
3384,+1.92040802E+00
3385,+1.92048690E+00
3386,+1.92028861E+00
3387,+1.91989662E+00
3388,+1.92051015E+00
3389,+1.92064155E+00
3390,+1.92046319E+00
3391,+1.92077995E+00
3392,+1.92086894E+00
3393,+1.92095567E+00
3394,+1.92075699E+00
3395,+1.92105898E+00
3396,+1.92114785E+00
3397,+1.92073439E+00
3398,+1.92088112E+00
3399,+1.92121742E+00
3400,+1.92131960E+00
3401,+1.92141142E+00
3402,+1.92121746E+00
3403,+1.92152198E+00
3404,+1.92160608E+00
3405,+1.92169177E+00
3406,+1.92119482E+00
3407,+1.92164079E+00
3408,+1.92179564E+00
3409,+1.92189976E+00
3410,+1.92169362E+00
3411,+1.92200487E+00
3412,+1.92209815E+00
3413,+1.92218258E+00
3414,+1.92198495E+00
3415,+1.92228304E+00
3416,+1.92162866E+00
3417,+1.92228469E+00
3418,+1.92212506E+00
3419,+1.92244132E+00
3420,+1.92138756E+00
3421,+1.92065604E+00
3422,+1.92041487E+00
3423,+1.92012691E+00
3424,+1.91992671E+00
3425,+1.91976147E+00
3426,+1.91961821E+00
3427,+1.91975315E+00
3428,+1.91990657E+00
3429,+1.91991255E+00
3430,+1.92006622E+00
3431,+1.92114800E+00
3432,+1.92146609E+00
3433,+1.92169694E+00
3434,+1.92156866E+00
3435,+1.92199867E+00
3436,+1.92167649E+00
3437,+1.92211403E+00
3438,+1.92202923E+00
3439,+1.92240936E+00
3440,+1.92255140E+00
3441,+1.92267796E+00
3442,+1.92251631E+00
3443,+1.92284703E+00
3444,+1.92296353E+00
3445,+1.92306914E+00
3446,+1.92236068E+00
3447,+1.92310384E+00
3448,+1.92324257E+00
3449,+1.92335678E+00
3450,+1.92314345E+00
3451,+1.92348205E+00
3452,+1.92358865E+00
3453,+1.92368700E+00
3454,+1.92350052E+00
3455,+1.92378687E+00
3456,+1.92364854E+00
3457,+1.92385883E+00
3458,+1.92369892E+00
3459,+1.92402314E+00
3460,+1.92412885E+00
3461,+1.92422197E+00
3462,+1.92403630E+00
3463,+1.92433988E+00
3464,+1.92443754E+00
3465,+1.92388548E+00
3466,+1.92413677E+00
3467,+1.92450058E+00
3468,+1.92461583E+00
3469,+1.92471244E+00
3470,+1.92452679E+00
3471,+1.92483226E+00
3472,+1.92492563E+00
3473,+1.92501139E+00
3474,+1.92481841E+00
3475,+1.92446068E+00
3476,+1.92505526E+00
3477,+1.92517613E+00
3478,+1.92499925E+00
3479,+1.92530905E+00
3480,+1.92540267E+00
3481,+1.92548717E+00
3482,+1.92529778E+00
3483,+1.92559792E+00
3484,+1.92548604E+00
3485,+1.92554040E+00
3486,+1.92543898E+00
3487,+1.92576399E+00
3488,+1.92586697E+00
3489,+1.92595582E+00
3490,+1.92576619E+00
3491,+1.92606561E+00
3492,+1.92615599E+00
3493,+1.92623638E+00
3494,+1.92570775E+00
3495,+1.92616715E+00
3496,+1.92625380E+00
3497,+1.92632368E+00
3498,+1.92608667E+00
3499,+1.92647867E+00
3500,+1.92658859E+00
3501,+1.92667974E+00
3502,+1.92648466E+00
3503,+1.92678051E+00
3504,+1.92637647E+00
3505,+1.92681379E+00
3506,+1.92665288E+00
3507,+1.92696572E+00
3508,+1.92706418E+00
3509,+1.92715061E+00
3510,+1.92695720E+00
3511,+1.92725535E+00
3512,+1.92734470E+00
3513,+1.92702254E+00
3514,+1.92702246E+00
3515,+1.92739101E+00
3516,+1.92750435E+00
3517,+1.92759894E+00
3518,+1.92741077E+00
3519,+1.92770732E+00
3520,+1.92779877E+00
3521,+1.92787904E+00
3522,+1.92768271E+00
3523,+1.92723317E+00
3524,+1.92789556E+00
3525,+1.92802358E+00
3526,+1.92785033E+00
3527,+1.92814990E+00
3528,+1.92824684E+00
3529,+1.92833040E+00
3530,+1.92813672E+00
3531,+1.92843133E+00
3532,+1.92851559E+00
3533,+1.92828323E+00
3534,+1.92824840E+00
3535,+1.92856958E+00
3536,+1.92867076E+00
3537,+1.92875993E+00
3538,+1.92857034E+00
3539,+1.92886028E+00
3540,+1.92894765E+00
3541,+1.92902811E+00
3542,+1.92864605E+00
3543,+1.92880764E+00
3544,+1.92884022E+00
3545,+1.92887314E+00
3546,+1.92863306E+00
3547,+1.92913279E+00
3548,+1.92927365E+00
3549,+1.92938083E+00
3550,+1.92918109E+00
3551,+1.92948621E+00
3552,+1.92886811E+00
3553,+1.92951592E+00
3554,+1.92936523E+00
3555,+1.92967965E+00
3556,+1.92978245E+00
3557,+1.92986745E+00
3558,+1.92967121E+00
3559,+1.92996923E+00
3560,+1.93006073E+00
3561,+1.93001607E+00
3562,+1.92969426E+00
3563,+1.93009358E+00
3564,+1.93021223E+00
3565,+1.93030803E+00
3566,+1.93011038E+00
3567,+1.93041430E+00
3568,+1.93050576E+00
3569,+1.93058555E+00
3570,+1.93037008E+00
3571,+1.93000308E+00
3572,+1.93058746E+00
3573,+1.93072121E+00
3574,+1.93052355E+00
3575,+1.93084797E+00
3576,+1.93094260E+00
3577,+1.93102263E+00
3578,+1.93079943E+00
3579,+1.93111987E+00
3580,+1.93120676E+00
3581,+1.93072245E+00
3582,+1.93089424E+00
3583,+1.93126384E+00
3584,+1.93136854E+00
3585,+1.93145769E+00
3586,+1.93120110E+00
3587,+1.93156167E+00
3588,+1.93165145E+00
3589,+1.93173272E+00
3590,+1.93142791E+00
3591,+1.93163675E+00
3592,+1.93174245E+00
3593,+1.93181239E+00
3594,+1.93147872E+00
3595,+1.93195568E+00
3596,+1.93207100E+00
3597,+1.93216178E+00
3598,+1.93181611E+00
3599,+1.93226074E+00
3600,+1.93162504E+00
3601,+1.93226124E+00
3602,+1.93196660E+00
3603,+1.93242927E+00
3604,+1.93253027E+00
3605,+1.93261472E+00
3606,+1.93228260E+00
3607,+1.93271242E+00
3608,+1.93279982E+00
3609,+1.93287975E+00
3610,+1.93216830E+00
3611,+1.93282456E+00
3612,+1.93294618E+00
3613,+1.93304016E+00
3614,+1.93273308E+00
3615,+1.93314508E+00
3616,+1.93323353E+00
3617,+1.93331057E+00
3618,+1.93301726E+00
3619,+1.93286487E+00
3620,+1.93329786E+00
3621,+1.93344418E+00
3622,+1.93318046E+00
3623,+1.93310443E+00
3624,+1.93185563E+00
3625,+1.93149498E+00
3626,+1.93123982E+00
3627,+1.93105198E+00
3628,+1.93087290E+00
3629,+1.93072001E+00
3630,+1.93060898E+00
3631,+1.93215395E+00
3632,+1.93253606E+00
3633,+1.93279049E+00
3634,+1.93261089E+00
3635,+1.93308073E+00
3636,+1.93324931E+00
3637,+1.93339216E+00
3638,+1.93312150E+00
3639,+1.93357089E+00
3640,+1.93338103E+00
3641,+1.93366896E+00
3642,+1.93337470E+00
3643,+1.93386379E+00
3644,+1.93398144E+00
3645,+1.93408740E+00
3646,+1.93376357E+00
3647,+1.93422380E+00
3648,+1.93432911E+00
3649,+1.93381939E+00
3650,+1.93391763E+00
3651,+1.93442026E+00
3652,+1.93454332E+00
3653,+1.93464617E+00
3654,+1.93434288E+00
3655,+1.93477091E+00
3656,+1.93487041E+00
3657,+1.93496085E+00
3658,+1.93465821E+00
3659,+1.93435287E+00
3660,+1.93500925E+00
3661,+1.93513662E+00
3662,+1.93486609E+00
3663,+1.93526773E+00
3664,+1.93536697E+00
3665,+1.93545514E+00
3666,+1.93517469E+00
3667,+1.93556306E+00
3668,+1.93553352E+00
3669,+1.93550317E+00
3670,+1.93533793E+00
3671,+1.93573533E+00
3672,+1.93583738E+00
3673,+1.93592823E+00
3674,+1.93567486E+00
3675,+1.93603650E+00
3676,+1.93612838E+00
3677,+1.93621155E+00
3678,+1.93542812E+00
3679,+1.93617774E+00
3680,+1.93631499E+00
3681,+1.93641802E+00
3682,+1.93618919E+00
3683,+1.93651819E+00
3684,+1.93661294E+00
3685,+1.93669823E+00
3686,+1.93647155E+00
3687,+1.93678553E+00
3688,+1.93630779E+00
3689,+1.93680900E+00
3690,+1.93662531E+00
3691,+1.93695665E+00
3692,+1.93705428E+00
3693,+1.93713843E+00
3694,+1.93693422E+00
3695,+1.93723530E+00
3696,+1.93732155E+00
3697,+1.93709128E+00
3698,+1.93699309E+00
3699,+1.93736604E+00
3700,+1.93748092E+00
3701,+1.93757366E+00
3702,+1.93739423E+00
3703,+1.93767725E+00
3704,+1.93776777E+00
3705,+1.93784802E+00
3706,+1.93767394E+00
3707,+1.93721613E+00
3708,+1.93786342E+00
3709,+1.93799240E+00
3710,+1.93784837E+00
3711,+1.93811255E+00
3712,+1.93820611E+00
3713,+1.93828934E+00
3714,+1.93813563E+00
3715,+1.93838075E+00
3716,+1.93846914E+00
3717,+1.93815882E+00
3718,+1.93826879E+00
3719,+1.93853101E+00
3720,+1.93863367E+00
3721,+1.93871920E+00
3722,+1.93859681E+00
3723,+1.93882001E+00
3724,+1.93890844E+00
3725,+1.93898767E+00
3726,+1.93853166E+00
3727,+1.93895562E+00
3728,+1.93908097E+00
3729,+1.93917255E+00
3730,+1.93906527E+00
3731,+1.93926494E+00
3732,+1.93936719E+00
3733,+1.93945236E+00
3734,+1.93935936E+00
3735,+1.93953774E+00
3736,+1.93886571E+00
3737,+1.93954831E+00
3738,+1.93950283E+00
3739,+1.93969661E+00
3740,+1.93980170E+00
3741,+1.93988990E+00
3742,+1.93981598E+00
3743,+1.93997882E+00
3744,+1.94007102E+00
3745,+1.94009360E+00
3746,+1.93982987E+00
3747,+1.94009734E+00
3748,+1.94021779E+00
3749,+1.94031712E+00
3750,+1.94027116E+00
3751,+1.94042124E+00
3752,+1.94051424E+00
3753,+1.94059002E+00
3754,+1.94054147E+00
3755,+1.94002331E+00
3756,+1.94058585E+00
3757,+1.94072036E+00
3758,+1.94071415E+00
3759,+1.94084583E+00
3760,+1.94094063E+00
3761,+1.94102173E+00
3762,+1.94100094E+00
3763,+1.94111460E+00
3764,+1.94119873E+00
3765,+1.94064804E+00
3766,+1.94112167E+00
3767,+1.94125813E+00
3768,+1.94137091E+00
3769,+1.94145634E+00
3770,+1.94146165E+00
3771,+1.94155719E+00
3772,+1.94163961E+00
3773,+1.94171869E+00
3774,+1.94155753E+00
3775,+1.94160672E+00
3776,+1.94169159E+00
3777,+1.94175521E+00
3778,+1.94176198E+00
3779,+1.94190275E+00
3780,+1.94203241E+00
3781,+1.94212910E+00
3782,+1.94217141E+00
3783,+1.94222886E+00
3784,+1.94160909E+00
3785,+1.94222643E+00
3786,+1.94231412E+00
3787,+1.94238154E+00
3788,+1.94248241E+00
3789,+1.94257619E+00
3790,+1.94262577E+00
3791,+1.94267606E+00
3792,+1.94275908E+00
3793,+1.94283867E+00
3794,+1.94242187E+00
3795,+1.94277968E+00
3796,+1.94289499E+00
3797,+1.94299074E+00
3798,+1.94305891E+00
3799,+1.94309161E+00
3800,+1.94317477E+00
3801,+1.94325735E+00
3802,+1.94333057E+00
3803,+1.94290903E+00
3804,+1.94322598E+00
3805,+1.94338352E+00
3806,+1.94348507E+00
3807,+1.94352843E+00
3808,+1.94361795E+00
3809,+1.94369633E+00
3810,+1.94377383E+00
3811,+1.94378946E+00
3812,+1.94387316E+00
3813,+1.94320941E+00
3814,+1.94386873E+00
3815,+1.94394138E+00
3816,+1.94404085E+00
3817,+1.94413123E+00
3818,+1.94421109E+00
3819,+1.94423478E+00
3820,+1.94431223E+00
3821,+1.94439115E+00
3822,+1.94446452E+00
3823,+1.94417217E+00
3824,+1.94421303E+00
3825,+1.94424120E+00
3826,+1.94427394E+00
3827,+1.94296478E+00
3828,+1.94254573E+00
3829,+1.94227753E+00
3830,+1.94206621E+00
3831,+1.94189172E+00
3832,+1.94174046E+00
3833,+1.94160633E+00
3834,+1.94168447E+00
3835,+1.94291779E+00
3836,+1.94336001E+00
3837,+1.94363352E+00
3838,+1.94378676E+00
3839,+1.94395468E+00
3840,+1.94413476E+00
3841,+1.94428858E+00
3842,+1.94438019E+00
3843,+1.94371503E+00
3844,+1.94445202E+00
3845,+1.94461106E+00
3846,+1.94470375E+00
3847,+1.94478598E+00
3848,+1.94490457E+00
3849,+1.94501619E+00
3850,+1.94508836E+00
3851,+1.94515313E+00
3852,+1.94520934E+00
3853,+1.94510079E+00
3854,+1.94529155E+00
3855,+1.94537237E+00
3856,+1.94548474E+00
3857,+1.94558668E+00
3858,+1.94567083E+00
3859,+1.94571480E+00
3860,+1.94581515E+00
3861,+1.94590440E+00
3862,+1.94534387E+00
3863,+1.94583831E+00
3864,+1.94598737E+00
3865,+1.94609788E+00
3866,+1.94618740E+00
3867,+1.94622351E+00
3868,+1.94631753E+00
3869,+1.94640712E+00
3870,+1.94649204E+00
3871,+1.94651991E+00
3872,+1.94596799E+00
3873,+1.94653814E+00
3874,+1.94665278E+00
3875,+1.94669782E+00
3876,+1.94678668E+00
3877,+1.94687687E+00
3878,+1.94696282E+00
3879,+1.94699893E+00
3880,+1.94707871E+00
3881,+1.94692719E+00
3882,+1.94701386E+00
3883,+1.94714429E+00
3884,+1.94724273E+00
3885,+1.94734028E+00
3886,+1.94742477E+00
3887,+1.94747123E+00
3888,+1.94753893E+00
3889,+1.94762562E+00
3890,+1.94770291E+00
3891,+1.94705582E+00
3892,+1.94764053E+00
3893,+1.94777520E+00
3894,+1.94787279E+00
3895,+1.94796048E+00
3896,+1.94799190E+00
3897,+1.94807919E+00
3898,+1.94815884E+00
3899,+1.94827690E+00
3900,+1.94826452E+00
3901,+1.94787658E+00
3902,+1.94828105E+00
3903,+1.94848289E+00
3904,+1.94843235E+00
3905,+1.94852463E+00
3906,+1.94860184E+00
3907,+1.94877850E+00
3908,+1.94871117E+00
3909,+1.94879118E+00
3910,+1.94843516E+00
3911,+1.94882679E+00
3912,+1.94883741E+00
3913,+1.94893955E+00
3914,+1.94902841E+00
3915,+1.94918623E+00
3916,+1.94913833E+00
3917,+1.94922248E+00
3918,+1.94929997E+00
3919,+1.94943093E+00
3920,+1.94865437E+00
3921,+1.94932448E+00
3922,+1.94945194E+00
3923,+1.94958662E+00
3924,+1.94957620E+00
3925,+1.94966378E+00
3926,+1.94974477E+00
3927,+1.94984458E+00
3928,+1.94983744E+00
3929,+1.94991539E+00
3930,+1.94971236E+00
3931,+1.94994147E+00
3932,+1.94998132E+00
3933,+1.95007215E+00
3934,+1.95015622E+00
3935,+1.95023404E+00
3936,+1.95026152E+00
3937,+1.95034244E+00
3938,+1.95041812E+00
3939,+1.94986389E+00
3940,+1.95032836E+00
3941,+1.95047314E+00
3942,+1.95057273E+00
3943,+1.95062509E+00
3944,+1.95068681E+00
3945,+1.95077310E+00
3946,+1.95085694E+00
3947,+1.95089249E+00
3948,+1.95096236E+00
3949,+1.95035049E+00
3950,+1.95095971E+00
3951,+1.95101834E+00
3952,+1.95111586E+00
3953,+1.95120705E+00
3954,+1.95129137E+00
3955,+1.95130138E+00
3956,+1.95139396E+00
3957,+1.95148198E+00
3958,+1.95140440E+00
3959,+1.95132970E+00
3960,+1.95153558E+00
3961,+1.95164057E+00
3962,+1.95173422E+00
3963,+1.95170759E+00
3964,+1.95183451E+00
3965,+1.95191647E+00
3966,+1.95199091E+00
3967,+1.95195393E+00
3968,+1.95140704E+00
3969,+1.95199496E+00
3970,+1.95212211E+00
3971,+1.95209360E+00
3972,+1.95224996E+00
3973,+1.95233235E+00
3974,+1.95241284E+00
3975,+1.95235501E+00
3976,+1.95251360E+00
3977,+1.95259320E+00
3978,+1.95213258E+00
3979,+1.95244793E+00
3980,+1.95264763E+00
3981,+1.95274321E+00
3982,+1.95282912E+00
3983,+1.95274906E+00
3984,+1.95293350E+00
3985,+1.95301525E+00
3986,+1.95309147E+00
3987,+1.95264549E+00
3988,+1.95298405E+00
3989,+1.95314307E+00
3990,+1.95324488E+00
3991,+1.95314760E+00
3992,+1.95336079E+00
3993,+1.95344411E+00
3994,+1.95352186E+00
3995,+1.95339488E+00
3996,+1.95361551E+00
3997,+1.95297148E+00
3998,+1.95360928E+00
3999,+1.95351962E+00
4000,+1.95377594E+00
